ID,Code,Location,Prefecture,Site,Receiver,Antenna
電子基準点,,,,,,
局番号,基準点コード,局名称,県名,施設名,受信機名,アンテナ名
000841,EL05239303501,冷川峠Ａ,静岡県,本田技研工業伊東研修センター,TOPCON NETG5,TRM59800.80     GSI
000842,EL05238314901,岡部Ａ,静岡県,新舟会館,TRIMBLE NETR9,TPSCR.G5        GSI
000843,EL05234600302,岡山加茂Ａ,岡山県,加茂町総合グランド駐車場,TRIMBLE ALLOY,TRM59800.80     GSI
010844,EL06140260403,青森Ａ,青森県,青森市立原別小学校,TOPCON NETG5,TRM59800.80     GSI
010845,EL05640023504,福島郡山１Ａ,福島県,郡山市立安積第二小学校,TOPCON NETG5,TRM59800.80     GSI
010846,EL05033538602,高知大川Ａ,高知県,大川村有農地,TRIMBLE ALLOY,TRM59800.80     GSI
020847,EL05237569902,水窪Ａ,静岡県,水窪高齢者交流センター,TRIMBLE NETR9,TPSCR.G5        GSI
020848,EL06841271601,稚内３,北海道,稚内市立大岬小学校,TRIMBLE ALLOY,TRM59800.80     GSI
020849,EL06741677003,稚内４,北海道,稚内市立豊別小中学校跡地,TRIMBLE ALLOY,TRM159900.00    GSI
020850,EL06742328302,中頓別,北海道,中頓別町立寿公園,TOPCON NETG5,TPSCR.G5        GSI
020851,EL06742209102,幌延,北海道,幌延町立問寒別小中学校,TRIMBLE ALLOY,TPSCR.G5        GSI
020852,EL06742009302,中川,北海道,中川町立佐久小学校跡地,TRIMBLE ALLOY,TRM159900.00    GSI
020853,EL06642645501,美深,北海道,美深町教職員住宅,TRIMBLE ALLOY,TRM59800.80     GSI
020854,EL06642379402,西興部,北海道,西興部村体験公園,TRIMBLE ALLOY,TRM159900.00    GSI
020855,EL06641368902,羽幌２,北海道,羽幌町有地(興勢橋付近),TOPCON NETG5,TPSCR.G5C       GSI
020856,EL06643321902,紋別,北海道,紋別市立藻別小学校,TOPCON NETG5,TRM59800.80     GSI
020857,EL06642139202,士別,北海道,南郷市民プール,TRIMBLE ALLOY,TRM59800.80     GSI
020858,EL06642143801,北海道朝日,北海道,士別市営住宅,TRIMBLE ALLOY,TRM59800.80     GSI
020859,EL06644077901,斜里２,北海道,斜里町立ウトロ小中学校,TRIMBLE ALLOY,TRM159900.00    GSI
020860,EL06641066802,小平２,北海道,小平町立達布小学校跡地,TRIMBLE ALLOY,TPSCR.G5        GSI
020861,EL06543649203,生田原,北海道,遠軽町立生田原中学校,TRIMBLE ALLOY,TRM59800.80     GSI
020862,EL06542616802,旭川２,北海道,旭川市立江丹別小中学校,TRIMBLE ALLOY,TRM159900.00    GSI
020863,EL06543615401,白滝,北海道,遠軽町立白滝中学校,TRIMBLE ALLOY,TRM59800.80     GSI
020864,EL06545505401,標津２,北海道,標津町立薫別小中学校,TRIMBLE ALLOY,TRM159900.00    GSI
020865,EL06542417002,深川,北海道,深川市立納内中学校,TRIMBLE ALLOY,TRM59800.80     GSI
020866,EL06543435001,留辺蘂,北海道,旧厚和小学校用地,TOPCON NETG5,TRM59800.80     GSI
020867,EL06542367301,東川,北海道,国有林(旭岳温泉「湯の沼」,TRIMBLE ALLOY,TRM159900.00    GSI
020868,EL06543377903,津別,北海道,津別町立本岐小学校,TRIMBLE ALLOY,TRM159900.00    GSI
020869,EL06545216702,別海３,北海道,別海町立野付小学校,TOPCON NETG5,TRM59800.80     GSI
020870,EL06544255701,中標津２,北海道,中標津町立養老牛小学校,TRIMBLE ALLOY,TRM59800.80     GSI
020871,EL06542212503,芦別,北海道,芦別市立芦別小学校,TRIMBLE ALLOY,TRM59800.80     GSI
020872,EL06541240902,当別,北海道,町有牧野,TOPCON NETG5,TRM59800.80     GSI
020873,EL06543166002,陸別,北海道,陸別町立陸別中学校,TRIMBLE ALLOY,TRM159900.00    GSI
020874,EL06543013401,上士幌２,北海道,上士幌町立糠平小学校,TRIMBLE ALLOY,TRM159900.00    GSI
020875,EL06440738002,積丹２,北海道,積丹町サクラマスサンクチュアリーセンター,TOPCON NETG5,TRM59800.80     GSI
020876,EL06441628703,石狩,北海道,石狩斎場,TRIMBLE ALLOY,TRM159900.00    GSI
020877,EL06441656201,新篠津,北海道,新篠津村立新篠津中学校,TOPCON NETG5,TRM159900.00    GSI
020878,EL06444676702,浜中２,北海道,浜中町立西円朱別小学校,TRIMBLE ALLOY,TRM59800.80     GSI
020879,EL06443600202,鹿追,北海道,鹿追町立瓜幕中学校,TRIMBLE ALLOY,TRM159900.00    GSI
020880,EL06442549501,南富良野,北海道,南富良野町立幾寅小学校,TRIMBLE ALLOY,TRM59800.80     GSI
020881,EL06444537902,標茶２,北海道,標茶町立塘路小中学校　教職員住宅,TRIMBLE NETR9,TRM59800.80     GSI
020882,EL06441516602,札幌２,北海道,札幌市立星置中学校,TOPCON NETG5,TRM159900.00    GSI
020883,EL06443544701,本別,北海道,本別町立本別中央小学校,TRIMBLE ALLOY,TRM159900.00    GSI
020884,EL06440469401,赤井川,北海道,赤井川村立赤井川小学校　教職員住宅,TOPCON NETG5,TRM59800.80     GSI
020885,EL06442246202,北海道日高,北海道,日高町立千栄中学校跡地,TRIMBLE ALLOY,TRM59800.80     GSI
020886,EL06443156202,浦幌,北海道,浦幌町立浦幌中学校,TOPCON NETG5,TRM59800.80     GSI
020887,EL06442176602,芽室,北海道,芽室町立上美生小学校,TRIMBLE ALLOY,TPSCR.G5        GSI
020888,EL06440002002,島牧,北海道,千走地区山村広場,TOPCON NETG5,TRM59800.80     GSI
020889,EL06443020501,幕別,北海道,幕別町立駒畠小学校跡地,TOPCON NETG5,TRM59800.80     GSI
020890,EL06342636101,門別２,北海道,日高町立里平小学校,TRIMBLE ALLOY,TRM59800.80     GSI
020891,EL06342363101,浦河,北海道,浦河町自然体験実習館「柏陽館」,TOPCON NETG5,TRM59800.80     GSI
020892,EL06240478401,戸井,北海道,運動広場,TRIMBLE ALLOY,TRM159900.00    GSI
020893,EL06240445202,木古内,北海道,木古内町立釜谷小学校,TRIMBLE ALLOY,TRM159900.00    GSI
020894,EL06241105701,風間浦,青森県,風間浦村立下風呂小学校跡地,TRIMBLE ALLOY,TRM159900.00    GSI
020895,EL06140673802,青森川内,青森県,むつ市立川内中学校,TRIMBLE ALLOY,TRM59800.80     GSI
020896,EL06141539001,東通２,青森県,東通村立老部小学校,TOPCON NETG5,TRM59800.80     GSI
020897,EL06140524301,小泊,青森県,中泊町立小泊中学校,TRIMBLE ALLOY,TRM159900.00    GSI
020898,EL06140007001,深浦,青森県,深浦町立風合瀬小学校跡,TOPCON NETG5,TRM59800.80     GSI
020899,EL06041609803,十和田湖１,青森県,上川目浄水場,TOPCON NETG5,TRM59800.80     GSI
020900,EL06040629302,西目屋,青森県,西目屋村立西目屋中学校,5700,TRM29659.00
020901,EL06041621602,五戸,青森県,ひばり野スポーツ交流センター,TRIMBLE ALLOY,TRM159900.00    GSI
020902,EL06040573502,十和田湖２,青森県,十和田湖自然の家跡地,TRIMBLE ALLOY,TRM59800.80     GSI
020903,EL06041332802,軽米,岩手県,妻渡ふれあい広場,TOPCON NETG5,TRM59800.80     GSI
020904,EL06041102301,安代,岩手県,八幡平市立安代中学校,TOPCON NETG5,TRM59800.80     GSI
020905,EL05941756201,岩泉３,岩手県,岩泉町立大平小中学校跡地,TOPCON NETG5,TRM59800.80     GSI
020906,EL05941478702,田老,岩手県,宮古市立田老第一中学校,5700,TRM29659.00
020907,EL05941336402,川井２,岩手県,宮古市立門馬小中学校,TOPCON NETG5,TRM59800.80     GSI
020908,EL05940266603,沢内,岩手県,西和賀町防雪管理センター,TOPCON NETG5,TRM59800.80     GSI
020909,EL05941125302,大迫,岩手県,花巻市水道事業所,TOPCON NETG5,TRM59800.80     GSI
020910,EL05841628402,江刺,岩手県,奥州市立人首小学校,TOPCON NETG5,TRM59800.80     GSI
020911,EL05841431202,岩手大東,岩手県,株式会社　八木澤商店　大原工場,TOPCON NETG5,TRM59800.80     GSI
020912,EL05841319101,平泉,岩手県,平泉町立長島小学校,TOPCON NETG5,TRM59800.80     GSI
020913,EL05840362602,栗駒２,宮城県,栗駒高原創造センター（山脈ハウス）,TOPCON NETG5,TRM59800.80     GSI
020914,EL05841029501,宮城東和,宮城県,東和総合支所,TOPCON NETG5,TRM59800.80     GSI
020915,EL05841002001,高清水,宮城県,高清水勤労者体育センター,TOPCON NETG5,TRM59800.80     GSI
020916,EL05741719201,南方,宮城県,登米市立南方中学校,TOPCON NETG5,TRM59800.80     GSI
020917,EL05740658802,小野田,宮城県,小野田町総合交流ターミナル施設「ぶな林」,TOPCON NETG5,TRM59800.80     GSI
020918,EL05741621401,河北,宮城県,石巻市立河北中学校,TOPCON NETG5,TRM59800.80     GSI
020919,EL05740271503,名取,宮城県,名取市立閖上中学校,5700,TRM29659.00     GSI
020920,EL05640558802,丸森,宮城県,町有地,TOPCON NETG5,TRM59800.80     GSI
020921,EL06040400202,八森,秋田県,八蜂町立八森小学校,TOPCON NETG5,TRM59800.80     GSI
020922,EL06040231201,鷹巣,秋田県,北秋田市立鷹巣南小学校,TRIMBLE ALLOY,TRM159900.00    GSI
020923,EL06040101001,八竜,秋田県,三種町立八竜中学校,TOPCON NETG5,TRM59800.80     GSI
020924,EL05940740202,阿仁２,秋田県,打当温泉「マタギの湯」,TOPCON NETG5,TRM159900.00    GSI
020925,EL05940203401,岩城,秋田県,由利本荘市立岩城中学校,TRIMBLE ALLOY,TRM159900.00    GSI
020926,EL05940240702,太田,秋田県,大仙市立太田南小学校,TRIMBLE ALLOY,TRM59800.80     GSI
020927,EL05840725202,東由利,秋田県,由利本荘市立東由利中学校,NetR9,TRM59800.80     GSI
020928,EL05840557701,東成瀬,秋田県,東成瀬村立椿川小学校跡地（椿川公民館別館）,TOPCON NETG5,TRM59800.80     GSI
020929,EL05840436502,雄勝,秋田県,湯沢市立雄勝中学校,TRIMBLE ALLOY,TRM59800.80     GSI
020930,EL05840312402,真室川,山形県,平枝地区農村公園,TRIMBLE ALLOY,TRM159900.00    GSI
020931,EL05840130901,最上,山形県,最上町立月楯小学校,TOPCON NETG5,TPSCR.G5        GSI
020932,EL05839054302,鶴岡,山形県,鶴岡市立豊浦小学校,TRIMBLE ALLOY,TRM159900.00    GSI
020933,EL05740715701,大蔵,山形県,旧大蔵村立沼台小中学校（H21.3.31廃校）,TRIMBLE ALLOY,TPSCR.G5        GSI
020934,EL05740230101,山形,山形県,山形市立蔵王第三小学校･第二中学校,TRIMBLE ALLOY,TRM159900.00    GSI
020935,EL05639770003,飯豊,山形県,飯豊町立中津川小中学校,TRIMBLE ALLOY,TPSCR.G5        GSI
020936,EL05640630501,福島２,福島県,福島市立飯坂小学校,TOPCON NETG5,TPSCR.G5        GSI
020937,EL05639470702,北塩原,福島県,北塩原村立大塩小学校,TOPCON NETG5,TPSCR.G5        GSI
020938,EL05640340501,福島東和,福島県,二本松市立東和中学校,TOPCON NETG5,TPSCR.G5C       GSI
020939,EL05639165602,会津高田,福島県,会津美里町立第一中学校,TRIMBLE ALLOY,TRM159900.00    GSI
020940,EL05640133701,福島郡山３,福島県,郡山市立大田小学校,TRIMBLE ALLOY,TPSCR.G5        GSI
020941,EL05539759402,昭和,福島県,昭和村立昭和中学校小野川分校,TRIMBLE ALLOY,TPSCR.G5        GSI
020942,EL05540715703,福島長沼,福島県,須賀川市立長沼小学校,TRIMBLE ALLOY,TPSCR.G5        GSI
020943,EL05540635602,玉川,福島県,玉川村立須釜小学校,TRIMBLE ALLOY,TPSCR.G5        GSI
020944,EL05540651702,いわき３,福島県,いわき市立差塩中学校(小学校併設),TRIMBLE ALLOY,TPSCR.G5        GSI
020945,EL05540432001,棚倉,福島県,棚倉森林管理署裏町有地,TRIMBLE ALLOY,TPSCR.G5        GSI
020946,EL05540351501,いわき４,福島県,いわき市立田人第二小学校南大平分校,TRIMBLE ALLOY,TPSCR.G5        GSI
020947,EL05440537002,常北,茨城県,城里町立石塚小学校,TRIMBLE ALLOY,TRM59800.80     GSI
020948,EL05540504201,那須２,栃木県,那須町共同利用模範牧場,TOPCON NETG5,TRM59800.80     GSI
020949,EL05539244002,栗山,栃木県,日光市立川俣小中学校（廃校）,TOPCON NETG5,TRM59800.80     GSI
020950,EL05439664001,鹿沼,栃木県,北押原コミュニティセンター,TRIMBLE ALLOY,TRM59800.80     GSI
020951,EL05439574202,上三川,栃木県,上三川町立北小学校,TRIMBLE ALLOY,TRM59800.80     GSI
020952,EL05539200401,水上２,群馬県,みなかみ町立藤原中学校,TOPCON NETG5,TRM59800.80     GSI
020953,EL05439712801,群馬利根,群馬県,旧根利小学校,5700,TRM29659.00
020954,EL05438760702,中之条,群馬県,群馬県立中之条高等学校,TRIMBLE ALLOY,TRM59800.80     GSI
020955,EL05439407101,群馬,群馬県,高崎市立国府小学校,TOPCON NETG5,TRM159900.00    GSI
020956,EL05439322002,境,群馬県,境町立南中学校,TOPCON NETG5,TRM59800.80     GSI
020957,EL05438254601,南牧,群馬県,高原運動公園,TOPCON NETG5,TRM159900.00    GSI
020958,EL05338771403,埼玉大滝,埼玉県,三峰山駐車場（第二駐車場）,TRIMBLE ALLOY,TRM159900.00    GSI
020959,EL05239577702,鴨川２,千葉県,旧鴨川市立大山小学校（平成21年3月31日廃校）,TOPCON NETG5,TRM159900.00    GSI
020960,EL05339026902,平塚,神奈川県,平塚市立大神公民館,TRIMBLE NETR9,TRM59800.80     GSI
020961,EL05639204802,新潟下田,新潟県,三条市立森町小学校,TRIMBLE ALLOY,TRM159900.00    GSI
020962,EL05538655002,高柳,新潟県,じょんのび村,TOPCON NETG5,TRM59800.80     GSI
020963,EL05539518902,湯之谷,新潟県,奥只見浄化センター,TOPCON NETG5,TPSCR.G5C       GSI
020964,EL05538532601,安塚,新潟県,上越市安塚Ｂ＆Ｇ海洋センター(和田スポーツ公園),TRIMBLE ALLOY,TPSCR.G5        GSI
020965,EL05540123302,大子,茨城県,大子町立依上小学校,TOPCON NETG5,TRM59800.80     GSI
020966,EL05537300202,氷見,富山県,氷見市立灘浦中学校,TOPCON NETG5,TRM59800.80     GSI
020967,EL05537243402,宇奈月,富山県,中ノ口緑地運動公園,TOPCON NETG5,TRM59800.80     GSI
020968,EL05537110201,新湊,富山県,射水市立東明小学校,TRIMBLE ALLOY,TRM59800.80     GSI
020969,EL05436761403,福光,富山県,南砺市立福光西部小学校,TRIMBLE ALLOY,TRM159900.00    GSI
020970,EL05437516901,細入,富山県,細入村大沢野町学校組合立猪谷小学校跡地（現：富山市）,TOPCON NETG5,TRM59800.80     GSI
020971,EL05637101202,輪島２,石川県,輪島市立南志見小学校,TOPCON NETG5,TRM59800.80     GSI
020972,EL05536677201,穴水,石川県,旧穴水町立真名井幼稚園（H21.3.31廃園）,TRIMBLE ALLOY,TRM59800.80     GSI
020973,EL05436644301,松任,石川県,白山市立北星体育館,TOPCON NETG5,TRM59800.80     GSI
020974,EL05436227802,山中,石川県,加賀市立菅谷小学校,TRIMBLE NETR9,TRM59800.80     GSI
020975,EL05436103302,福井,福井県,福井市立長橋小学校,TRIMBLE ALLOY,TRM59800.80     GSI
020976,EL05336658202,和泉,福井県,大野市立和泉小中学校,TOPCON NETG5,TRM159900.00    GSI
020977,EL05336626702,福井池田,福井県,池田町Ｂ＆Ｇ海洋センター,TRIMBLE ALLOY,TRM159900.00    GSI
020978,EL05335168002,福井小浜,福井県,小浜市立今富小学校,TOPCON NETG5,TRM59800.80     GSI
020979,EL05338638502,山梨高根,山梨県,北杜市立高根清里小学校(外来者用駐車場),TOPCON NETG5,TRM59800.80     GSI
020980,EL05338570501,小菅,山梨県,多摩源流小菅の湯(駐車場内工場裏手西奥),NETR9,TRM59800.80     GSI
020981,EL05338146802,上九一色,山梨県,富士河口湖町立上九一色中学校,TRIMBLE ALLOY,TRM59800.80     GSI
020982,EL05538242901,長野栄,長野県,栄村立秋山小学校,TRIMBLE ALLOY,TRM59800.80     GSI
020983,EL05538004702,戸隠,長野県,戸隠運動場横旧村有地,TRIMBLE ALLOY,TRM59800.80     GSI
020984,EL05438602901,更埴,長野県,千曲市立埴生中学校,TRIMBLE ALLOY,TRM159900.00    GSI
020985,EL05438321901,望月,長野県,佐久市望月総合体育館,TOPCON NETG5,TRM59800.80     GSI
020986,EL05337763201,木祖,長野県,こもれび公園,TRIMBLE ALLOY,TRM59800.80     GSI
020987,EL05338605702,高遠,長野県,高遠町立高遠北小学校,TOPCON NETG5,TRM59800.80     GSI
020988,EL05337537602,王滝,長野県,王滝村釣りキチ渓谷（駐車場）,TOPCON NETG5,TRM59800.80     GSI
020989,EL05337349902,大桑,長野県,木曽ふれあいの郷フォレスパ木曽,TRIMBLE ALLOY,TRM159900.00    GSI
020990,EL05437106601,清見,岐阜県,飛騨プラネタリウム,TRIMBLE ALLOY,TRM159900.00    GSI
020991,EL05336466202,板取,岐阜県,２１世紀の森,TRIMBLE ALLOY,TRM159900.00    GSI
020992,EL05337222402,恵那,岐阜県,恵那市立中野方小学校,TOPCON NETG5,TRM59800.80     GSI
020993,EL05336147303,揖斐川,岐阜県,揖斐川町立小島小学校,TRIMBLE ALLOY,TPSCR.G5        GSI
020994,EL05237726002,土岐,岐阜県,土岐市立曽木公民館,TOPCON NETG5,TRM59800.80     GSI
020995,EL05237542602,設楽,愛知県,設楽町立田口小学校,TRIMBLE ALLOY,TRM159900.00    GSI
020996,EL05237310201,岡崎,愛知県,岡崎市立岡崎小学校,JAVAD DELTA-G3T,TPSCR.G5        GSI
020997,EL05237124703,豊橋２,愛知県,豊橋市立前芝中学校,TOPCON NETG5,TPSCR.G5        GSI
020998,EL05236078501,南知多,愛知県,深田池管理用地,TRIMBLE ALLOY,TPSCR.G5        GSI
020999,EL05136530702,大台,三重県,大台町中央公民館,TOPCON NETG5,TRM59800.80     GSI
021000,EL05035675403,紀和,三重県,熊野市立入鹿小学校,TRIMBLE ALLOY,TRM159900.00    GSI
021001,EL05335100702,福知山２,京都府,福知山市北陵総合センター,TOPCON NETG5,TRM59800.80     GSI
021002,EL05335020701,綾部,京都府,綾部市東部グラウンド,TOPCON NETG5,TRM59800.80     GSI
021003,EL05235558003,京北,京都府,右京区役所京北出張所　第二駐車場,TOPCON NETG5,TRM59800.80     GSI
021004,EL05135319706,阪南,大阪府,阪南市立桃の木台小学校,TOPCON NETG5,TRM59800.80     GSI
021005,EL05334233801,温泉,兵庫県,,5700,TRM29659.00
021006,EL05234131003,赤穂,兵庫県,赤穂市立塩屋小学校,TOPCON NETG5,TRM59800.80     GSI
021007,EL05236005302,月ヶ瀬,奈良県,月ヶ瀬村花ふるさとスポーツ公園,TOPCON NETG5,TRM59800.80     GSI
021008,EL05136519302,御杖,奈良県,御杖村立御杖中学校,TRIMBLE NETR9,TPSCR.G5        GSI
021009,EL05136305001,奈良川上,奈良県,川上武道場,TRIMBLE NETR9,TPSCR.G5        GSI
021010,EL05135269803,天川,奈良県,天川村役場,TOPCON NETG5,TRM59800.80     GSI
021011,EL05035742401,龍神,和歌山県,田辺市立龍神中学校,TRIMBLE NETR9,TPSCR.G5        GSI
021012,EL05035470001,那智勝浦２,和歌山県,那智高原公園,TOPCON NETG5,TPSCR.G5        GSI
021013,EL05035349201,日置川,和歌山県,川添山村活性化支援センター,TRIMBLE NETR9,TPSCR.G5        GSI
021014,EL05334213503,鳥取,鳥取県,鳥取市立賀露小学校,TRIMBLE ALLOY,TRM159900.00    GSI
021015,EL05333230901,名和,鳥取県,大山町立名和中学校,TOPCON NETG5,TRM59800.80     GSI
021016,EL05333169902,羽合,鳥取県,湯梨浜町立羽合西小学校,TOPCON NETG5,TRM59800.80     GSI
021017,EL05334010201,佐治,鳥取県,鳥取市立佐治中学校,TOPCON NETG5,TRM59800.80     GSI
021018,EL05332179301,松江２,島根県,松江市立大野小学校,TRIMBLE ALLOY,TRM59800.80     GSI
021019,EL05233717502,広瀬,島根県,宇波交流センター（旧宇波小学校）,TRIMBLE ALLOY,TRM59800.80     GSI
021020,EL05232777203,木次,島根県,雲南市立斐伊小学校,TRIMBLE ALLOY,TRM159900.00    GSI
021021,EL05232657301,佐田,島根県,出雲市立窪田小学校,TOPCON NETG5,TRM59800.80     GSI
021022,EL05232433002,温泉津,島根県,大田市立井田小学校,TOPCON NETG5,TRM59800.80     GSI
021023,EL05232252401,羽須美,島根県,羽須美村運動広場,TRIMBLE ALLOY,TRM59800.80     GSI
021024,EL05232103802,弥栄,島根県,浜田市営運動公園ゲートボール場,TOPCON NETG5,TRM59800.80     GSI
021025,EL05131764402,益田,島根県,益田市立西益田小学校,TOPCON NETG5,TRM59800.80     GSI
021026,EL05233753401,八束,岡山県,真庭市中学校組合立蒜山中学校,TOPCON NETG5,TRM59800.80     GSI
021027,EL05233572301,鏡野,岡山県,鏡野町民グラウンド(サブグラウンド),TOPCON NETG5,TRM59800.80     GSI
021028,EL05233068402,岡山１,岡山県,岡山市立大井小学校,TRIMBLE ALLOY,TRM59800.80     GSI
021029,EL05133770701,岡山２,岡山県,岡山市立甲浦小学校,TOPCON NETG5,TRM59800.80     GSI
021030,EL05232474202,広島高野,広島県,庄原市立高野中学校,TRIMBLE ALLOY,TRM159900.00    GSI
021031,EL05132776203,世羅西,広島県,世羅町立世羅西中学校,TRIMBLE ALLOY,TRM159900.00    GSI
021032,EL05133723702,広島福山２,広島県,福山市立広瀬中学校,TRIMBLE ALLOY,TRM159900.00    GSI
021033,EL05133611102,御調,広島県,尾道市立御調中学校,TRIMBLE ALLOY,TRM159900.00    GSI
021034,EL05132558201,東広島,広島県,東広島市立志和中学校,5700,TRM29659.00
021035,EL05132252501,蒲刈,広島県,呉市立蒲刈中学校,TRIMBLE ALLOY,TRM159900.00    GSI
021036,EL05132048201,倉橋,広島県,鹿島社会教育施設（倉橋町立鹿島小学校跡地）,TOPCON NETG5,TRM59800.80     GSI
021037,EL05131253802,徳地,山口県,山口市立串小学校,TRIMBLE ALLOY,TRM159900.00    GSI
021038,EL05132100402,周東,山口県,岩国市立高森小学校,TOPCON NETG5,TRM59800.80     GSI
021039,EL05131002902,山陽,山口県,山陽町立津布田小学校,TRIMBLE ALLOY,TRM159900.00    GSI
021040,EL05032601901,上関,山口県,上関町民グランド,TOPCON NETG5,TRM59800.80     GSI
021041,EL05034739601,佐那河内,徳島県,佐那河内村立佐那河内中学校,TRIMBLE NETR9,TRM59800.80     GSI
021042,EL05034712601,木屋平,徳島県,美馬市立木屋平中学校,TRIMBLE ALLOY,TRM159900.00    GSI
021043,EL05033674301,東祖谷山,徳島県,三好市立東祖谷中学校,5700,TRM29659.00
021044,EL05134517402,土庄,香川県,高見山公園,TOPCON NETG5,TRM159900.00    GSI
021045,EL05133379101,坂出,香川県,坂出市立白峰中学校,TRIMBLE ALLOY,TRM159900.00    GSI
021046,EL05033726802,新居浜,愛媛県,新居浜市立多喜浜小学校,TRIMBLE ALLOY,TRM159900.00    GSI
021047,EL05033606302,丹原,愛媛県,西条市丹原文化会館,TRIMBLE ALLOY,TRM159900.00    GSI
021048,EL05032367302,広田,愛媛県,神の森公園,TRIMBLE ALLOY,TRM159900.00    GSI
021049,EL04932756903,広見,愛媛県,鬼北町立三島小学校,TRIMBLE ALLOY,TRM159900.00    GSI
021050,EL04932551002,津島,愛媛県,宇和島市立御槙小学校,TRIMBLE ALLOY,TRM59800.80     GSI
021051,EL05033345201,土佐山,高知県,土佐山運動広場,TOPCON NETG5,TRM59800.80     GSI
021052,EL05033312202,池川,高知県,仁淀川町池川自然学園,TRIMBLE ALLOY,TRM59800.80     GSI
021053,EL05034109701,高知北川,高知県,北川村立小島小学校跡地,TRIMBLE ALLOY,TRM159900.00    GSI
021054,EL05033009701,東津野,高知県,津野町立船戸小学校,TOPCON NETG5,TRM159900.00    GSI
021055,EL05034017601,室戸２,高知県,室戸市佐喜浜出張所,TRIMBLE ALLOY,TRM59800.80     GSI
021056,EL04932673702,大正,高知県,四万十町立田野々小学校,TRIMBLE ALLOY,TRM159900.00    GSI
021057,EL04933409802,高知佐賀,高知県,黒潮町立佐賀小学校,5700,TRM29659.00
021058,EL04932365602,中村,高知県,四万十市立中筋小学校,TRIMBLE ALLOY,TRM59800.80     GSI
021059,EL04932048401,宿毛,高知県,宿毛市立沖の島小中学校,TRIMBLE ALLOY,TRM59800.80     GSI
021060,EL05030751701,北九州１,福岡県,北九州市立花房小学校安屋分校,TRIMBLE ALLOY,TRM59800.80     GSI
021061,EL05030674701,北九州２,福岡県,北九州市立松ケ江南小学校,TOPCON NETG5,TRM159900.00    GSI
021062,EL05030421301,福岡,福岡県,勝馬公園,TOPCON NETG5,TPSCR.G5        GSI
021063,EL05030259402,桂川,福岡県,桂川町立桂川小学校,TRIMBLE ALLOY,TRM159900.00    GSI
021064,EL05030277901,築城,福岡県,築上町立寒田小学校,TRIMBLE ALLOY,TRM159900.00    GSI
021065,EL05030200602,二丈,福岡県,二丈町立福吉小学校,TRIMBLE ALLOY,TRM159900.00    GSI
021066,EL04930705701,多久,佐賀県,多久市立緑が丘小学校,TRIMBLE NETR9,TRM59800.80     GSI
021067,EL04929468902,川棚,長崎県,川棚町立川棚小学校,TRIMBLE ALLOY,TRM159900.00    GSI
021068,EL04929172602,長崎２,長崎県,長崎市立橘小学校,TRIMBLE ALLOY,TRM59800.80     GSI
021069,EL04930447902,三加和,熊本県,和水町立三加和中学校,TRIMBLE ALLOY,TRM159900.00    GSI
021070,EL04930369902,菊池,熊本県,菊池市立水源小学校,TRIMBLE ALLOY,TRM159900.00    GSI
021071,EL04930055901,城南,熊本県,城南町Ｂ＆Ｇ海洋センター,TOPCON NETG5,TRM59800.80     GSI
021072,EL04930071802,矢部,熊本県,山都町立矢部小学校,5700,TRM29659.00
021073,EL04830467601,五木,熊本県,ゲートボール場,TRIMBLE ALLOY,TRM159900.00    GSI
021074,EL04830414401,新和,熊本県,天草市立新和中学校,TRIMBLE ALLOY,TRM159900.00    GSI
021075,EL04830451201,球磨,熊本県,球磨村公民館川島分館,TOPCON NETG5,TRM59800.80     GSI
021076,EL04830375802,熊本水上,熊本県,水上村立岩野小学校,TOPCON NETG5,TRM59800.80     GSI
021077,EL05031241102,豊後高田,大分県,豊後高田市立田染小学校,TOPCON NETG5,TPSCR.G5        GSI
021078,EL05031026302,院内,大分県,宇佐市立南部小学校,TRIMBLE ALLOY,TRM159900.00    GSI
021079,EL04931551902,臼杵,大分県,臼杵市立南中学校,TRIMBLE ALLOY,TRM159900.00    GSI
021080,EL04932302302,米水津,大分県,海辺の村交流館(旧間越分校),TOPCON NETG5,TPSCR.G5        GSI
021081,EL04931237501,緒方,大分県,豊後大野市立長谷川集会所,TRIMBLE ALLOY,TRM159900.00    GSI
021082,EL04931252001,宇目,大分県,ふれあいセンター宇目,TRIMBLE ALLOY,TPSCR.G5        GSI
021083,EL04831623901,諸塚,宮崎県,池の窪グリーンパーク,TRIMBLE ALLOY,TRM59800.80     GSI
021084,EL04831347602,東郷,宮崎県,市営住宅寺迫団地,TRIMBLE ALLOY,TRM159900.00    GSI
021085,EL04831123702,西都,宮崎県,西都市立三納中学校,TRIMBLE ALLOY,TRM159900.00    GSI
021086,EL04831020002,綾,宮崎県,綾町立綾中学校,TRIMBLE ALLOY,TRM59800.80     GSI
021087,EL04730675801,都城２,宮崎県,宮崎県御池少年自然の家,TRIMBLE ALLOY,TRM59800.80     GSI
021088,EL04731534701,宮崎,宮崎県,宮崎市立青島中学校,TRIMBLE ALLOY,TRM59800.80     GSI
021089,EL04730459801,隼人,鹿児島県,霧島市隼人体育館,TOPCON NETG5,TRM59800.80     GSI
021090,EL04730277901,大隅,鹿児島県,旧曽於市立月野中学校,TOPCON NETG5,TRM59800.80     GSI
021091,EL04730124702,金峰,鹿児島県,南さつま市立金峰中学校,TRIMBLE ALLOY,TRM159900.00    GSI
021092,EL04730045302,喜入,鹿児島県,喜入総合運動場,TRIMBLE ALLOY,TRM159900.00    GSI
021093,EL04630669901,大根占,鹿児島県,錦江町立池田学習センター,TOPCON NETG5,TRM59800.80     GSI
021094,EL03927476902,与那城,沖縄県,うるま市立伊計小中学校,TOPCON NETG5,TRM59800.80     GSI
021095,EL03927367001,北谷,沖縄県,北谷町立桑江中学校,TRIMBLE ALLOY,TRM159900.00    GSI
021096,EL03927253403,那覇,沖縄県,ひよどり公園,TOPCON NETG5,TRM59800.80     GSI
021098,EL03653374801,南鳥島,東京都,気象庁測候所,TRIMBLE ALLOY,TRM59800.80     GSI
021099,EL05437143402,乗鞍岳,岐阜県,乗鞍国有林　１２０ニ林小班　東京大学宇宙線研究所　乗鞍観測所,TOPCON NETG5,TRM59800.80     GSI
021100,EL05338053801,富士山,静岡県及び山梨県,富士山測候所,TRIMBLE ALLOY,TRM59800.80     GSI
021101,EL05236542005,大安Ａ,三重県,いなべ市立石榑小学校,TRIMBLE ALLOY,TPSCR.G5        GSI
031102,EL05238718402,静岡畑薙Ａ,静岡県,畑薙第一ダム,TRIMBLE NETR9,TPSCR.G5        GSI
031103,EL05237336301,作手,愛知県,新城市立巴小学校,TRIMBLE ALLOY,TPSCR.G5        GSI
031104,EL05136675802,鳥羽２,三重県,鳥羽市立神島中学校,TRIMBLE ALLOY,TPSCR.G5        GSI
031105,EL05136464402,磯部,三重県,志摩市立磯部小学校,TOPCON NETG5,TPSCR.G5        GSI
031106,EL05136335101,紀勢,三重県,紀勢町児童館,TOPCON NETG5,TPSCR.G5        GSI
031107,EL05036711102,三重熊野２,三重県,熊野市立新鹿小学校,TOPCON NETG5,TPSCR.G5        GSI
031108,EL05135158902,大塔,奈良県,,NETG3,TPSCR4          GSI
031109,EL05135120302,金屋,和歌山県,有田川町立五西月小学校,TOPCON NETG5,TPSCR.G5        GSI
031110,EL05035632102,南部川,和歌山県,みなべ町立清川中学校,TOPCON NETG5,TPSCR.G5        GSI
031111,EL05035565902,熊野川,和歌山県,新宮市立熊野川中学校,TOPCON NETG5,TPSCR.G5        GSI
031112,EL05035337202,白浜,和歌山県,白浜町立富田小学校,TOPCON NETG5,TPSCR.G5        GSI
031113,EL05035262603,古座,和歌山県,古座町大型共同作業場,TOPCON NETG5,TPSCR.G5        GSI
031114,EL05034741001,徳島勝浦,徳島県,勝浦町立勝浦中学校,TOPCON NETG5,TPSCR.G5        GSI
031115,EL05033660302,西祖谷山,徳島県,三好市立有瀬小学校（休校）,NETG3,TPSCR4          GSI
031116,EL05034538802,相生,徳島県,那賀町立相生小学校,TOPCON NETG5,TPSCR.G5        GSI
031117,EL05032241501,大洲,愛媛県,大洲市立冨士山公園（とみすやま）,TRIMBLE ALLOY,TPSCR.G5        GSI
031118,EL04932624802,宇和島２,愛媛県,宇和島市立戸島小学校,TRIMBLE NETR9,TPSCR.G5        GSI
031119,EL05033235401,伊野,高知県,いの町立伊野中学校,TRIMBLE ALLOY,TRM159900.00    GSI
031120,EL05033255502,吉川,高知県,ミニさくら公園,TOPCON NETG5,TPSCR.G5        GSI
031121,EL05034004402,室戸３,高知県,潮害防備保安林,TOPCON NETG5,TPSCR.G5C       GSI
031122,EL04934711401,室戸４,高知県,県道室戸公園線山頂駐車場,TOPCON NETG5,TPSCR.G5        GSI
031123,EL04932777702,檮原２,高知県,檮原町高齢者コミュニティーセンター,TOPCON NETG5,TPSCR.G5        GSI
031124,EL04932467501,中村２,高知県,旧中村市立勝間小学校跡,TOPCON NETG5,TPSCR.G5C       GSI
031125,EL04932274801,土佐清水２,高知県,土佐清水市立布小学校（H21.4.1休校）,TRIMBLE NETR9,TPSCR.G5        GSI
031126,EL04932161401,土佐清水３,高知県,土佐清水市立貝ノ川小学校,TRIMBLE NETR9,TPSCR.G5        GSI
031127,EL05337563502,木曽駒ヶ岳,長野県,国有林１１０林班ロ小班,TRIMBLE ALLOY,TRM59800.80     GSI
031128,EL05336058803,岐阜Ａ,岐阜県,岐阜県立岐南工業高校,TRIMBLE ALLOY,TRM159900.00    GSI
041129,EL05136732403,嬉野,三重県,旧中郷小学校,TRIMBLE ALLOY,TRM59800.80     GSI
041130,EL05035449702,和歌山大塔,和歌山県,富里若者広場,TRIMBLE ALLOY,TRM59800.80     GSI
041131,EL05033476501,物部,高知県,旧岡ノ内小・中学校,TRIMBLE ALLOY,TRM159900.00    GSI
041132,EL05033205301,久万高原,愛媛県,旧中津小学校跡地,TRIMBLE ALLOY,TRM159900.00    GSI
041133,EL04932434901,愛南,愛媛県,愛南町立内海中学校,TRIMBLE ALLOY,TRM159900.00    GSI
041134,EL05032076301,檮原Ａ,高知県,檮原町立檮原中学校,TRIMBLE NETR9,TPSCR.G5        GSI
041135,EL05333158503,東伯Ａ,鳥取県,琴浦町立浦安幼稚園,TOPCON NETG5,TPSCR.G5        GSI
041136,EL05237054003,雄踏Ａ,静岡県,浜松市立雄踏保育園,TOPCON NETG5,TPSCR.G5        GSI
041137,EL04931439004,直入Ａ,大分県,竹田市直入総合支所,TRIMBLE ALLOY,TPSCR.G5        GSI
041138,EL05437649702,立山Ａ,富山県,ホテル立山,TRIMBLE ALLOY,TRM159900.00    GSI
041139,EL05136344304,南島Ａ,三重県,なかよし保育園,TRIMBLE ALLOY,TRM159900.00    GSI
051140,EL03036501602,沖ノ鳥島,東京都,東小島,TRIMBLE NETR9,TRM57970.00     GSI
051141,EL04932572602,四万十,高知県,四万十市立大用中学校,TRIMBLE ALLOY,TRM159900.00    GSI
051142,EL04932351402,宿毛２,高知県,宿毛市立咸陽小学校,TRIMBLE ALLOY,TRM59800.80     GSI
051143,EL05236321303,土山Ａ,滋賀県,甲賀市立土山中学校,TRIMBLE ALLOY,TPSCR.G5        GSI
051144,EL05238366302,戸田Ｂ,静岡県,None,TRIMBLE NETR9,TPSCR.G5        GSI
051145,EL05841228203,岩手川崎Ａ,岩手県,一関市立薄衣小学校,TOPCON NETG5,TRM59800.80     GSI
051146,EL05135130402,和歌山清水Ａ,和歌山県,有田川町立清水保育園,TRIMBLE NETR9,TPSCR.G5        GSI
051147,EL05131065601,徳山Ａ,山口県,周南市周南緑地公園（東５）,TRIMBLE ALLOY,TPSCR.G5        GSI
059071,EL05741447204,Ｍ牡鹿,宮城県,None,TRIMBLE ALLOY,TRM159900.00    GSI
061148,EL05136558802,伊勢,三重県,伊勢市立倉田山中学校,TOPCON NETG5,TRM59800.80     GSI
061149,EL05136355501,南伊勢,三重県,南伊勢町民グランド,TOPCON NETG5,TRM159900.00    GSI
061150,EL06340676102,壮瞥Ａ,北海道,道の駅「そうべつサムズ」,TOPCON NETG5,TPSCR.G5        GSI
061151,EL05132559201,東広島Ａ,広島県,東広島市立志和中学校,TOPCON NETG5,TRM59800.80     GSI
071152,EL05033374301,安芸２,高知県,畑山公民館,TOPCON NETG5,TRM59800.80     GSI
071153,EL05034502902,那賀,徳島県,那賀町立北川小学校,TRIMBLE ALLOY,TRM159900.00    GSI
071154,EL05035522401,みなべ,和歌山県,小目津公園,TOPCON NETG5,TRM59800.80     GSI
071155,EL05035379702,那智勝浦３,和歌山県,宇久井小学校,TRIMBLE ALLOY,TRM159900.00    GSI
071156,EL05036508102,御浜,三重県,寺谷総合公園,TRIMBLE ALLOY,TRM59800.80     GSI
071157,EL05132427702,広島２Ａ,広島県,佐伯運動公園,TOPCON NETG5,TPSCR.G5C       GSI
071158,EL05536460104,志賀Ａ,石川県,志賀町立志賀中学校,TOPCON NETG5,TPSCR.G5C       GSI
071159,EL05941003405,花巻Ａ,岩手県,花巻市立西南中学校,TRIMBLE ALLOY,TPSCR.G5        GSI
071160,EL05237050702,浜松Ａ,静岡県,本町公園,TOPCON NETG5,TPSCR.G5C       GSI
071161,EL05237031503,豊橋Ａ,愛知県,豊橋市立小沢小学校,TOPCON NETG5,TPSCR.G5        GSI
071162,EL05739641203,新潟山北,新潟県,村上高等学校山北分校跡地,TRIMBLE ALLOY,TPSCR.G5        GSI
071163,EL05439722202,群馬利根Ａ,群馬県,根利牧場,TOPCON NETG5,TPSCR.G5C       GSI
071164,EL05132629101,戸河内Ａ,広島県,道の駅　来夢とごうち,TRIMBLE ALLOY,TPSCR.G5        GSI
081165,EL04932747702,宇和島３,愛媛県,三間町運動公園,TRIMBLE ALLOY,TRM159900.00    GSI
081166,EL04933518702,四万十町,高知県,興津崎灯台,TRIMBLE ALLOY,TRM59800.80     GSI
081167,EL05334234902,温泉Ａ,兵庫県,健康公園,TRIMBLE NETR9,TPSCR.G5        GSI
081168,EL04829669201,長崎Ａ,長崎県,脇岬ふれあい公園,TRIMBLE ALLOY,TPSCR.G5        GSI
081169,EL04930071805,矢部Ａ,熊本県,中央グラウンド,TRIMBLE NETR9,TRM59800.80     GSI
081170,EL05235664102,京都左京１Ａ,京都府,京都市立花脊小学校・中学校敷地内,TRIMBLE ALLOY,TRM159900.00    GSI
081171,EL05339550101,練馬Ａ,東京都,練馬区立春日町しゃらのき児童遊園,TRIMBLE ALLOY,TPSCR.G5        GSI
081172,EL04933409803,高知佐賀Ａ,高知県,黒潮町立佐賀中学校,TRIMBLE ALLOY,TRM159900.00    GSI
081173,EL06241610103,椴法華Ａ,北海道,函館市立椴法華中学校,TOPCON NETG5,TPSCR.G5        GSI
091174,EL06040629303,西目屋Ａ,青森県,田代憩いの広場,TOPCON NETG5,TRM59800.80     GSI
091175,EL06140370902,平内Ａ,青森県,夜越山森林公園,TRIMBLE ALLOY,TRM59800.80     GSI
091176,EL05640060401,福島川内Ａ,福島県,川内村コミュニティセンター,TRIMBLE ALLOY,TPSCR.G5        GSI
091177,EL06542070503,新得２Ａ,北海道,新得町立富村牛小中学校,TRIMBLE ALLOY,TRM159900.00    GSI
091178,EL05138712705,御前崎Ａ,静岡県,おまえざき公園,TRIMBLE ALLOY,TRM59800.80     GSI
091179,EL05740360001,仙台,宮城県,仙台市天文台,TOPCON NETG5,TPSCR.G5C       GSI
091180,EL05334320601,岩美Ａ,鳥取県,岩美町立岩美北小学校,TOPCON NETG5,TRM159900.00    GSI
101181,EL05540771902,楢葉Ａ,福島県,楢葉町公民館分館,TRIMBLE ALLOY,TRM159900.00    GSI
101182,EL06445744003,根室１Ａ,北海道,根室市じん芥焼却場,TRIMBLE ALLOY,TPSCR.G5        GSI
101183,EL05239306701,伊東Ａ,静岡県,伊東市立竹の台幼稚園,TOPCON NETG5,TRM159900.00    GSI
111184,EL05941478703,田老Ａ,岩手県,宮古市立田老第一小学校,TOPCON NETG5,TRM159900.00    GSI
111185,EL05740273202,仙台太白,宮城県,仙台市立四郎丸小学校,TOPCON NETG5,TRM59800.80     GSI
111186,EL05639518702,水原Ａ,新潟県,阿賀野市水原野球場,TRIMBLE ALLOY,TRM159900.00    GSI
111187,EL05333122705,米子Ａ,鳥取県,米子特別地域気象観測所,TRIMBLE ALLOY,TRM59800.80     GSI
111188,EL05135069001,十津川２,奈良県,None,TOPCON NETG5,TRM59800.80     GSI
111189,EL05033664102,西祖谷山Ａ,徳島県,三好市立下名小学校,TRIMBLE NETR9,TPSCR.G5        GSI
111190,EL03927151302,糸満,沖縄県,糸満市立喜屋武小学校,TRIMBLE ALLOY,TRM159900.00    GSI
121191,EL05941040204,遠野Ａ,岩手県,遠野市立遠野中学校,TRIMBLE ALLOY,TPSCR.G5        GSI
121192,EL05033675501,東祖谷山Ａ,徳島県,旧三好市立落合小学校,TRIMBLE NETR9,TRM59800.80     GSI
121193,EL05035439004,田辺Ａ,和歌山県,田辺市立稲成小学校,TOPCON NETG5,TPSCR.G5        GSI
131194,EL05239300104,中伊豆Ａ,静岡県,社会福祉法人農協共済中伊豆リハビリテーションセンター,TRIMBLE ALLOY,TRM59800.80     GSI
131195,EL05740665802,色麻Ａ,宮城県,色麻町役場,TOPCON NETG5,TRM59800.80     GSI
131196,EL05840725204,東由利Ａ,秋田県,由利本荘市東由利屋内運動場　げんき館,TOPCON NETG5,TRM59800.80     GSI
131197,EL05132079904,今治Ａ,愛媛県,大新田公園,TOPCON NETG5,TRM159900.00    GSI
131198,EL05034751003,阿南１Ａ,徳島県,阿南第１中学校,TRIMBLE NETR9,TRM159900.00    GSI
131199,EL06443627303,上士幌Ａ,北海道,上士幌町スポーツセンター,TRIMBLE ALLOY,TRM59800.80     GSI
131200,EL03622574503,与那国Ａ,沖縄県,与那国町立久部良中学校,TRIMBLE NETR9,TRM59800.80     GSI
131201,EL05740469804,宮城大和Ａ,宮城県,学校法人　仙台情報工科専門学校宮床実習場,TRIMBLE ALLOY,TRM159900.00    GSI
132009,EL05440215702,石岡,茨城県,茨城県畜産センター,TRIMBLE ALLOY,TRM59800.00     GSI
141202,EL05139203902,神津島１Ａ,東京都,ありま展望台駐車場,TOPCON NETG5,TPSCR.G5        GSI
141203,EL05035159302,串本２,和歌山県,旧安指児童公園,TOPCON NETG5,TRM59800.80     GSI
141204,EL05134304104,高松Ａ,香川県,香川県立高松南高等学校,TOPCON NETG5,TRM159900.00    GSI
141205,EL05033710801,西条Ａ,愛媛県,西条市立飯岡小学校,TOPCON NETG5,TRM59800.80     GSI
141206,EL05338570601,小菅Ａ,山梨県,村営住宅駐車場,TOPCON NETG5,TRM159900.00    GSI
141207,EL05033550301,大豊Ａ,高知県,大杉農村広場,TOPCON NETG5,TRM59800.80     GSI
141208,EL04128578202,鹿児島天城Ａ,鹿児島県,農林水産省九州農政局徳之島用水農業水利事業所,TRIMBLE ALLOY,TPSCR.G5        GSI
141209,EL05238303602,川根Ａ,静岡県,島田市立川根中学校,TOPCON NETG5,TPSCR.G5        GSI
151210,EL05335146901,大飯Ａ,福井県,おおい町立本郷小学校,TOPCON NETG5,TPSCR.G5        GSI
151211,EL03622573502,与那国Ｂ,沖縄県,与那国町役場,TOPCON NETG5,TRM59800.80     GSI
151212,EL05639721804,新発田Ａ,新潟県,新発田市立東中学校,TOPCON NETG5,TPSCR.G5        GSI
151213,EL05134006402,美馬Ａ,徳島県,美馬市立美馬中学校,TRIMBLE ALLOY,TPSCR.G5        GSI
161214,EL05436320901,山中Ａ,石川県,加美台公園,TRIMBLE ALLOY,TRM159900.00    GSI
161215,EL05841643702,住田Ａ,岩手県,八日町農村公園,TRIMBLE ALLOY,TPSCR.G5        GSI
161216,EL05238103102,掛川Ａ,静岡県,掛川市立東中学校,TRIMBLE ALLOY,TRM159900.00    GSI
161217,EL05239507803,湯河原Ａ,神奈川県,湯河原町民体育館,TRIMBLE ALLOY,TRM59800.80     GSI
161218,EL04730241001,鹿児島１Ａ,鹿児島県,谷山恵美須公園,TOPCON NETG5,TPSCR.G5        GSI
171219,EL06440272004,京極Ａ,北海道,京極町立京極小学校,TOPCON NETG5,TRM59800.80     GSI
171220,EL06240322502,知内Ａ,北海道,下水道処理場,TOPCON NETG5,TPSCR.G5        GSI
171221,EL06444537903,標茶２Ａ,北海道,標茶町立塘路小中学校,TOPCON NETG5,TRM59800.80     GSI
171222,EL05339451902,東京千代田,東京都,国会前庭（北地区）,TRIMBLE NETR9,TPSCR.G5C       GSI
171223,EL05339025802,平塚Ａ,神奈川県,平塚市立神田小学校,TOPCON NETG5,TRM59800.80     GSI
181224,EL05240714903,大多喜Ａ,千葉県,大多喜町立大多喜中学校,TOPCON NETG5,TRM159900.00    GSI
181225,EL04930073901,矢部Ｂ,熊本県,山都町立矢部中学校,TRIMBLE ALLOY,TRM59800.80     GSI
181226,EL05034739603,佐那河内Ａ,徳島県,佐那河内中学校小学校,TOPCON NETG5,TRM59800.80     GSI
181227,EL05235040201,大阪Ａ,大阪府,真田山公園,TRIMBLE ALLOY,TRM159900.00    GSI
191228,EL05033674802,東祖谷山Ｂ,徳島県,奥祖谷いやしの温泉郷,TRIMBLE ALLOY,TRM159900.00    GSI
191229,EL05138779801,下田Ａ,静岡県,爪木崎公園,TOPCON NETG5,TPSCR.G5        GSI
191230,EL06041141701,久慈２,岩手県,久慈市立霜畑小学校,TRIMBLE ALLOY,TRM159900.00    GSI
191231,EL05439061305,庄和Ａ,埼玉県,春日部市学校給食センター,TOPCON NETG5,TPSCR.G5        GSI
191232,EL05033010002,中土佐３,高知県,中土佐町農業集落排水事業奈路地区処理施設,TRIMBLE ALLOY,TRM159900.00    GSI
191233,EL05033010902,中土佐４,高知県,中土佐町納骨堂,TRIMBLE ALLOY,TRM159900.00    GSI
191234,EL05740278501,仙台２,宮城県,仙台市立七郷中学校,TOPCON NETG5,TRM159900.00    GSI
191235,EL05237310301,岡崎Ａ,愛知県,南公園,TRIMBLE ALLOY,TPSCR.G5        GSI
191236,EL05132559203,東広島Ｂ,広島県,志和生涯教育センター,TOPCON NETG5,TRM59800.80     GSI
191237,EL04930705801,多久Ａ,佐賀県,多久市中央公園,TRIMBLE ALLOY,TRM59800.80     GSI
201238,EL05437710702,富山Ａ,富山県,富山市立大沢野中学校,TRIMBLE ALLOY,TRM59800.80     GSI
211239,EL06440114804,寿都Ａ,北海道,寿都町役場,TRIMBLE ALLOY,TRM59800.80     GSI
221240,EL06643062101,佐呂間,北海道,佐呂間町立武道館,TOPCON NETG5,TPSCR.G5C       GSI
221241,EL05034661402,伊島,徳島県,阿南市立伊島中学校,TOPCON NETG5,TPSCR.G5C       GSI
221242,EL04429779303,口之島,鹿児島県,口之島フリイ岳展望施設,TOPCON NETG5,TPSCR.G5C       GSI
221243,EL04329518702,宝島,鹿児島県,大籠キャンプ場,TOPCON NETG5,TPSCR.G5C       GSI
221244,EL04229323301,宇検,鹿児島県,宇検村総合運動公園,TOPCON NETG5,TPSCR.G5C       GSI
221245,EL05234070706,明石Ａ,兵庫県,明石市立鳥羽小学校,TRIMBLE ALLOY,TRM59800.80     GSI
221246,EL06340000803,乙部Ａ,北海道,元和台海浜公園,TOPCON NETG5,TPSCR.G5        GSI
221247,EL05035567203,本宮Ａ,和歌山県,田辺市立本宮小学校,TRIMBLE NETR9,TPSCR.G5        GSI
221248,EL05239400603,宇佐美Ａ,静岡県,伊東市立宇佐美小学校,TOPCON NETG5,TPSCR.G5        GSI
221249,EL05132559205,東広島Ｃ,広島県,東広島市立志和小中学校,TOPCON NETG5,TRM59800.80     GSI
221250,EL05339059302,横浜Ａ,神奈川県,本牧臨海公園,TRIMBLE NETR9,TPSCR.G5        GSI
221251,EL05340754204,茨城鹿嶋Ａ,茨城県,国立研究開発法人 情報通信研究機構 鹿島宇宙技術センター,TOPCON NETG5,TRM59800.80     GSI
231252,EL04831551002,日向Ａ,宮崎県,北町金比羅山街区公園,TRIMBLE ALLOY,TRM59800.80     GSI
92106,EL05239400601,宇佐美,静岡県,宇佐美コミュニティセンター,TOPCON NETG5,TPSCR.G5        GSI
92107,EL05239306802,伊東,静岡県,,NETG3,TRM29659.00
92108,,冷川峠,静岡県,本田技研伊東研修センター,4000SSE,TRM23903.00
92109,,南伊豆１,静岡県,南伊豆町立三浜小学校,4000SSE,TRM23903.00
92110,EL05440102601,つくば１,茨城県,国土交通省国土地理院,TRIMBLE ALLOY,TRM159900.00    GSI
93001,EL05439345302,佐野,栃木県,佐野市立吾妻中学校,TOPCON NETG5,TRM159900.00    GSI
93002,EL05440311302,八郷,茨城県,石岡市立芦穂小学校,TRIMBLE ALLOY,TRM159900.00    GSI
93003,EL05439264402,三和,茨城県,三和町諸川コミュニティーパーク,TOPCON NETG5,TRM59800.80     GSI
93004,EL05440241301,鉾田,茨城県,鉾田市立諏訪小学校,TRIMBLE ALLOY,TRM59800.80     GSI
93005,EL05439124702,江南,埼玉県,江南浄水場,TRIMBLE ALLOY,TPSCR.G5        GSI
93006,EL05440121702,出島,茨城県,かすみがうら市立北中学校,TOPCON NETG5,TRM59800.80     GSI
93007,EL05439150002,久喜,埼玉県,埼玉県農林総合研究センター園芸研究所,TOPCON NETG5,TRM159900.00    GSI
93008,EL05439061302,庄和,埼玉県,春日部市立富多小学校,TOPCON NETG5,TPSCR.G5        GSI
93009,EL05340754202,茨城鹿嶋,茨城県,独立行政法人　情報通信研究機構　鹿島宇宙センター,TOPCON NETG5,TRM59800.80     GSI
93010,EL05340736201,桜川,茨城県,稲敷市立桜川中学校,TRIMBLE ALLOY,TRM59800.80     GSI
93011,EL05339731701,川越,埼玉県,川越市立今成小学校,TOPCON NETG5,TRM59800.80     GSI
93012,EL05339772902,守谷,茨城県,守谷市立けやき台中学校,TOPCON NETG5,TRM59800.80     GSI
93013,EL05339752201,大宮,埼玉県,堀崎中央公園,TOPCON NETG5,TRM59800.80     GSI
93014,EL05340614102,利根,茨城県,利根町立文小学校,TOPCON NETG5,TRM159900.00    GSI
93015,EL05340536202,大栄,千葉県,成田市立川上小学校,TRIMBLE NETR9,TPSCR.G5        GSI
93016,EL05339563501,足立,東京都,一ツ家中央公園,TRIMBLE ALLOY,TRM59800.80     GSI
93017,EL05339551102,練馬,東京都,練馬区立田柄第二小学校,5700,TRM29659.00
93018,EL05340504101,白井,千葉県,白井市立大山口小学校,TRIMBLE ALLOY,TRM159900.00    GSI
93019,EL05339435902,小金井,東京都,独立行政法人　情報通信研究機構,TOPCON NETG5,TRM159900.00    GSI
93020,EL05340426501,富里,千葉県,富里市立向台幼稚園,TOPCON NETG5,TRM59800.80     GSI
93021,EL05340553102,干潟,千葉県,旭市万歳自然公園,TRIMBLE NETR9,TPSCR.G5        GSI
93022,EL05340467601,銚子,千葉県,銚子市立第三中学校,TOPCON NETG5,TRM59800.80     GSI
93023,EL05339471202,千葉市川,千葉県,南行徳公園,TRIMBLE ALLOY,TRM59800.80     GSI
93024,EL05340337502,千葉松尾,千葉県,松尾運動公園,TRIMBLE ALLOY,TRM159900.00    GSI
93025,EL05340215401,千葉緑,千葉県,千葉県農林総合研究センター,TOPCON NETG5,TRM59800.80     GSI
93026,EL05339257303,神奈川川崎,神奈川県,川崎市立玉川小学校,TOPCON NETG5,TRM159900.00    GSI
93027,EL05340223501,大網白里,千葉県,大網白里町立大網中学校,TRIMBLE ALLOY,TRM159900.00    GSI
93028,EL05339232701,町田,東京都,町田市立南第一小学校,TRIMBLE ALLOY,TRM159900.00    GSI
93029,EL05339127501,厚木,神奈川県,荻野運動公園,TRIMBLE ALLOY,TRM159900.00    GSI
93030,EL05340103402,市原１,千葉県,市原市立有秋西小学校,TRIMBLE ALLOY,TRM59800.80     GSI
93031,EL05339009302,山北,神奈川県,山北町立三保中学校,TRIMBLE ALLOY,TRM59800.80     GSI
93032,EL05339152202,横浜,神奈川県,横浜市立北方小学校(校舎屋上・屋上塔屋内),TRIMBLE NETR9,TPSCR.G5        GSI
93033,EL05340120602,長生,千葉県,尼ヶ台総合公園,TRIMBLE ALLOY,TRM59800.80     GSI
93034,EL05239739702,藤沢,神奈川県,藤沢市鵠沼運動公園（八部公園）,TRIMBLE ALLOY,TRM159900.00    GSI
93035,EL05239726103,二宮,神奈川県,富士見が丘１丁目第３遊園地(秋葉公園）,TOPCON NETG5,TRM59800.80     GSI
93036,EL05239767601,富津,千葉県,富津市立富津小学校,TRIMBLE ALLOY,TRM159900.00    GSI
93037,EL05240719101,市原２,千葉県,市原市立加茂中学校,TRIMBLE ALLOY,TRM159900.00    GSI
93038,EL05238778002,御殿場,静岡県,御殿場市桜公園,TOPCON NETG5,TRM59800.80     GSI
93039,EL05239567702,鋸南,千葉県,鋸南町学校給食センター,TRIMBLE ALLOY,TRM59800.80     GSI
93040,EL05239545901,三浦１,神奈川県,神奈川県立城ヶ島公園管理事務所,5700,TRM29659.00
93041,EL05240529102,勝浦,千葉県,勝浦市立荒川小学校跡地,TRIMBLE ALLOY,TRM159900.00    GSI
93042,EL05239507802,湯河原,神奈川県,湯河原町立湯河原中学校,TRIMBLE NETR9,TRM59800.80     GSI
93043,EL05238573202,静岡清水町,静岡県,清水町総合運動公園,TOPCON NETG5,TRM59800.80     GSI
93044,EL05240503601,鴨川,千葉県,鴨川市営総合運動施設,TRIMBLE ALLOY,TRM159900.00    GSI
93045,EL05239770603,鹿野山,千葉県,国土地理院鹿野山測地観測所,TRIMBLE ALLOY,TRM59800.80     GSI
93046,EL05238471902,大仁,静岡県,さつきヶ丘公園,TOPCON NETG5,TRM59800.80     GSI
93047,EL05239364901,館山,千葉県,館山市収集管理センター,TOPCON NETG5,TRM159900.00    GSI
93048,EL05239312003,小室山,静岡県,伊東市小室山公園,TOPCON NETG5,TRM59800.80     GSI
93049,EL05238279301,天城湯ヶ島１,静岡県,伊豆市立月ヶ瀬小学校,TOPCON NETG5,TRM59800.80     GSI
93050,EL05237250302,引佐,静岡県,浜松市引佐総合事務所　多目的研修センター（駐車場）,TOPCON NETG5,TRM159900.00    GSI
93051,EL05239134003,大島１,東京都,大島町立第二中学校,TRIMBLE ALLOY,TRM59800.80     GSI
93052,EL05238104101,掛川,静岡県,掛川市立城北小学校,TOPCON NETG3,TPSCR.G5        GSI
93053,EL05238170901,河津,静岡県,河津町立河津中学校,TRIMBLE ALLOY,TRM159900.00    GSI
93054,EL05237051702,浜松,静岡県,静岡県立浜松南高等学校,5700,TRM29659.00
93055,EL05239032401,大島２,東京都,大島町立第三中学校,TRIMBLE ALLOY,TRM59800.80     GSI
93056,EL05237030301,豊橋,愛知県,豊橋市立高根小学校,5700,TRM29659.00
93057,EL05139424001,新島,東京都,新島村立新島中学校,TRIMBLE ALLOY,TPSCR.G5        GSI
93058,EL05139214002,神津島１,東京都,神津島村開発総合センター,NETG3,TPSCR.G5        GSI
93059,EL05139144003,三宅１,東京都,三宅村立三宅中学校,TOPCON NETG5,TPSCR.G5        GSI
93060,EL05139047303,三宅２,東京都,三宅村立坪田中学校,TOPCON NETG5,TPSCR.G5        GSI
93061,EL05239300103,中伊豆,静岡県,伊豆市営国民宿舎　丸野温泉「万天の湯」,NetR9,TRM59800.80     GSI
93062,EL05239205902,伊東八幡野,静岡県,伊東市営いがいが根駐車場,TRIMBLE ALLOY,TRM159900.00    GSI
93063,EL05339426101,秋川,東京都,楓ヶ原公園,TRIMBLE ALLOY,TRM59800.80     GSI
93064,EL05338374802,山梨大月,山梨県,大月市営総合グランド陸上競技場,TRIMBLE ALLOY,TRM159900.00    GSI
93065,EL05339313201,藤野,神奈川県,相模原市立日連小学校,TRIMBLE ALLOY,TRM159900.00    GSI
93066,EL05339111601,秦野,神奈川県,菩提峠,TOPCON NETG5,TRM59800.80     GSI
93067,EL05239752301,横須賀,神奈川県,不入斗運動公園,TOPCON NETG5,TRM59800.80     GSI
93068,EL05239609302,箱根,神奈川県,箱根町立箱根中学校,TRIMBLE ALLOY,TRM159900.00    GSI
93069,EL05338133502,中富,山梨県,山梨県峡南地方勤労青年センター（常駐管理者不在）,TRIMBLE ALLOY,TRM159900.00    GSI
93070,EL05338169502,富士吉田,山梨県,富士吉田市立下吉田東小学校,TRIMBLE ALLOY,TRM159900.00    GSI
93071,EL05338043502,富士宮１,静岡県,富士宮市立井之頭保育園,TRIMBLE ALLOY,TRM159900.00    GSI
93072,EL05238766101,裾野１,静岡県,静岡県水ヶ塚公園,TOPCON NETG5,TRM59800.80     GSI
93073,EL05238734501,南部,山梨県,南部町立睦合小学校,TRIMBLE ALLOY,TRM159900.00    GSI
93074,EL05238624001,静岡１,静岡県,井川開拓牧場,TOPCON NETG5,TRM59800.80     GSI
93075,EL05238644902,富士宮２,静岡県,学校法人静岡理工科大学星陵高等学校,TRIMBLE ALLOY,TRM59800.80     GSI
93076,EL05238650701,富士,静岡県,静岡県立吉原工業高等学校,TOPCON NETG5,TRM159900.00    GSI
93077,EL05238448101,静岡清水市１,静岡県,静岡市水道局八木間ポンプ場第一取水井,TRIMBLE ALLOY,TRM159900.00    GSI
93078,EL05238522902,静岡２,静岡県,野田平共同製茶組合,TRIMBLE ALLOY,TRM59800.80     GSI
93079,EL05238512001,本川根,静岡県,川根本町立本川根小学校,TOPCON NETG5,TRM59800.80     GSI
93080,,戸田,静岡県,戸田村防災センター,4000SSE,TRM23903.00
93081,EL05238338001,静岡３,静岡県,静岡市城北公園,TRIMBLE ALLOY,TRM159900.00    GSI
93082,,岡部,静岡県,,4000SSE,TRM23903.00
93083,,水窪,静岡県,水窪町立水窪小学校,4000SSE,TRM23903.00
93084,EL05237459502,東栄,愛知県,東栄町立東栄中学校,TOPCON NETG5,TPSCR.G5        GSI
93085,EL05238163201,西伊豆,静岡県,西伊豆町　先川浄水場,TRIMBLE ALLOY,TRM59800.80     GSI
93086,EL05138763701,南伊豆２,静岡県,石廊崎ジャングルパーク駐車場,TOPCON NETG5,TRM59800.80     GSI
93087,,焼津,静岡県,,4000SSE,TRM23903.00
93088,EL05238302501,川根,静岡県,島田市立川根小学校,TOPCON NETG3,TPSCR.G5        GSI
93089,EL05237271402,静岡森,静岡県,森町立森中学校,TOPCON NETG5,TRM59800.80     GSI
93090,EL05237362501,天竜,静岡県,浜松市立竜川中学校跡地,TRIMBLE ALLOY,TRM159900.00    GSI
93091,EL05238110002,静岡相良１,静岡県,牧之原市菊川市学校組合立牧之原中学校,TOPCON NETG5,TRM59800.80     GSI
93092,EL05238018801,榛原,静岡県,牧之原市立川崎小学校,TRIMBLE ALLOY,TRM159900.00    GSI
93093,EL05238005402,大東１,静岡県,掛川市立佐束小学校,TOPCON NETG5,TPSCR.G5        GSI
93094,EL05138717002,浜岡１,静岡県,御前崎市立浜岡中学校,TOPCON NETG5,TPSCR.G5        GSI
93095,EL05237070401,浅羽,静岡県,浅羽球技場,TRIMBLE NETR9,TPSCR.G5        GSI
93096,EL05237170201,袋井,静岡県,袋井市小鳩公園,TRIMBLE ALLOY,TRM159900.00    GSI
93097,EL05237165303,浜北,静岡県,浜松市立北浜小学校,TOPCON NETG5,TRM159900.00    GSI
93098,EL05237060502,竜洋,静岡県,磐田市立竜洋東小学校,TOPCON NETG5,TRM159900.00    GSI
93099,EL05237342602,鳳来,愛知県,新城市立長篠保育園,TOPCON NETG5,TRM59800.80     GSI
93100,EL05237054005,雄踏,静岡県,雄踏町立雄踏小学校,5700,TRM29659.00
93101,EL05138712701,御前崎,静岡県,御前崎市立御前崎小学校,5700,TRM29659.00
93102,EL05237233402,愛知一宮町,愛知県,豊川市立一宮東部小学校,TOPCON NETG5,TPSCR.G5        GSI
93103,EL05237147403,三ヶ日,静岡県,浜松市立三ヶ日西小学校,TRIMBLE NETR9,TPSCR.G5        GSI
93104,EL05237046102,湖西,静岡県,湖西運動公園（駐車場）,TRIMBLE ALLOY,TRM59800.80     GSI
940001,EL06841068002,稚内,北海道,声問公園,TRIMBLE ALLOY,TRM59800.80     GSI
940002,EL06643512703,興部,北海道,興部町立沙留小学校,TRIMBLE ALLOY,TRM59800.80     GSI
940003,EL06641467002,羽幌,北海道,羽幌町築別集会所,TOPCON NETG5,TRM59800.80     GSI
940004,EL06544659401,斜里,北海道,オホーツク霊園,TOPCON NETG5,TRM59800.80     GSI
940005,EL06544230502,弟子屈,北海道,釧路圏摩周観光文化センター,TRIMBLE ALLOY,TRM159900.00    GSI
940006,EL06445744001,根室１,北海道,,NETG3,TRM29659.00
940007,EL06542330801,美瑛,北海道,美瑛町立美瑛中学校,TRIMBLE ALLOY,TRM159900.00    GSI
940008,EL06541642001,増毛,北海道,ホテルオーベルジュましけ,TOPCON NETG5,TRM59800.80     GSI
940009,EL06445418003,浜中,北海道,アゼチ岬駐車場,TRIMBLE ALLOY,TRM59800.80     GSI
940010,EL06444335401,釧路市,北海道,釧路市立朝陽小学校,TRIMBLE ALLOY,TRM159900.00    GSI
940011,EL06443433601,池田,北海道,池田町立高島町民センター,TRIMBLE ALLOY,TRM159900.00    GSI
940012,EL06442337202,占冠,北海道,占冠村運動公園,TRIMBLE ALLOY,TRM59800.80     GSI
940013,EL06441601202,小樽１,北海道,小樽市平磯公園,TOPCON NETG5,TRM59800.80     GSI
940014,EL06441357801,長沼,北海道,長沼第五小学校跡地（町有地）,TRIMBLE ALLOY,TRM159900.00    GSI
940015,EL06343328602,広尾,北海道,シーサイドパーク広尾,TOPCON NETG5,TPSCR.G5        GSI
940016,EL06342422902,静内,北海道,清水丘幼児公園,TOPCON NETG5,TPSCR.G5        GSI
940017,EL06339564803,瀬棚,北海道,瀬棚地区農村公園　隣地,TRIMBLE ALLOY,TRM159900.00    GSI
940018,EL06340474502,室蘭,北海道,白鳥台５丁目５号公園,TRIMBLE ALLOY,TRM59800.80     GSI
940019,EL06343010202,えりも１,北海道,えりも町スポーツ公園,TRIMBLE ALLOY,TRM59800.80     GSI
940020,EL06339148101,奥尻１,北海道,うにまる公園,TRIMBLE ALLOY,TRM159900.00    GSI
940021,EL06340000801,乙部,北海道,元和台海浜公園,TOPCON NETG5,TPSCR.G5        GSI
940022,EL06240559902,函館,北海道,函館市立北美原小学校,TOPCON NETG5,TRM159900.00    GSI
940023,EL06240105301,松前,北海道,松前町営牧場,TRIMBLE ALLOY,TRM59800.80     GSI
940024,EL06141716702,むつ,青森県,むつ市立第一田名部小学校,TRIMBLE ALLOY,TRM159900.00    GSI
940025,,青森,青森県,青森市立宮田小学校,GP-R1DY,TOP700779A
940026,EL06140123102,鰺ヶ沢,青森県,鰺ヶ沢町立鳴沢小学校,TOPCON NETG5,TPSCR.G5C       GSI
940027,EL06041166301,久慈,岩手県,久慈市立宇部小学校,TOPCON NETG5,TPSCR.G5        GSI
940028,EL05941278501,宮古,岩手県,宮古市立津軽石中学校,TRIMBLE ALLOY,TPSCR.G5        GSI
940029,EL05841513602,水沢１,岩手県,水沢測地観測所,TOPCON NETG5,TPSCR.G5        GSI
940030,EL05939766201,男鹿１,秋田県,男鹿市立男鹿北中学校,TRIMBLE ALLOY,TRM59800.80     GSI
940031,EL05940007301,本荘,秋田県,由利本荘市石脇公園,TOPCON NETG5,TRM59800.80     GSI
940032,EL05839267401,酒田,山形県,酒田市緑ヶ丘二丁目公園,TOPCON NETG5,TRM59800.80     GSI
940033,EL05840121503,山形新庄,山形県,新庄市東山公園,TRIMBLE ALLOY,TRM59800.80     GSI
940034,EL05739646402,温海,山形県,鶴岡市立鼠ヶ関小学校,5700,TRM29659.00
940035,EL05740329901,天童,山形県,天童市東長岡公園,TOPCON NETG5,TRM159900.00    GSI
940036,EL05741533502,女川,宮城県,女川町総合運動場,TRIMBLE ALLOY,TRM159900.00    GSI
940037,EL05740378602,利府,宮城県,利府町立第二小学校,TOPCON NETG5,TRM59800.80     GSI
940038,EL05640576202,相馬１,福島県,相馬市立養護学校,TOPCON NETG5,TRM59800.80     GSI
940039,EL05640023502,福島郡山１,福島県,郡山市立安積第二小学校,GP-R1DY,TOP700779A
940040,EL05639367301,山都,福島県,東小川健康公園,TOPCON NETG5,TRM59800.80     GSI
940041,EL05540570202,いわき,福島県,いわき市フラワーセンター,TOPCON NETG5,TPSCR.G5        GSI
940042,EL05440644802,日立,茨城県,日立市立金沢小学校,TOPCON NETG5,TPSCR.G5        GSI
940043,EL05439458801,栃木,栃木県,栃木市総合運動公園,TRIMBLE NETR9,TPSCR.G5        GSI
940044,EL05538073202,新治,群馬県,みなかみ町立にいはるこども園,TOPCON NETG5,TRM59800.80     GSI
940045,EL05438361902,富岡,群馬県,富岡市学校給食センター,TOPCON NETG5,TRM59800.80     GSI
940046,EL05437569802,大町,長野県,大町市立仁科台中学校,TRIMBLE ALLOY,TRM59800.80     GSI
940047,EL05337770503,箕輪,長野県,箕輪町立箕輪西小学校,TRIMBLE ALLOY,TPSCR.G5        GSI
940048,EL05338340601,中道,山梨県,山梨県曽根丘陵公園,TRIMBLE NETR9,TPSCR.G5        GSI
940049,EL05739247002,村上,新潟県,村上市運動公園,TOPCON NETG5,TRM59800.80     GSI
940050,EL05638677902,新潟,新潟県,新潟市立青山小学校,TOPCON NETG5,TPSCR.G5C       GSI
940051,EL05638047501,柏崎１,新潟県,柏崎市立松浜中学校,TRIMBLE ALLOY,TRM59800.80     GSI
940052,EL05537331802,入善,富山県,入善町立上青小学校,TOPCON NETG5,TRM59800.80     GSI
940053,EL05636075102,輪島,石川県,輪島市立大屋小学校,TOPCON NETG5,TRM59800.80     GSI
940054,EL05436759101,内灘,石川県,内灘町総合公園,TOPCON NETG5,TRM59800.80     GSI
940055,EL05436217301,三国,福井県,坂井市立加戸小学校,TOPCON NETG5,TRM59800.80     GSI
940056,EL05336302801,敦賀,福井県,敦賀市愛発プール,TRIMBLE ALLOY,TRM159900.00    GSI
940057,EL05335215801,宮津,京都府,宮津市立栗田小学校,TRIMBLE NETR9,TPSCR.G5        GSI
940058,EL05437126701,高山,岐阜県,高山市立岩滝小学校,TOPCON NETG5,TRM59800.80     GSI
940059,EL05337516902,下呂,岐阜県,下呂市立下呂小学校,TRIMBLE ALLOY,TRM159900.00    GSI
940060,EL05336273202,美濃,岐阜県,美濃市立中有知小学校,TRIMBLE ALLOY,TRM159900.00    GSI
940061,EL05337037702,中津川,岐阜県,中津川市立阿木小学校,TOPCON NETG5,TRM159900.00    GSI
940062,EL05236511203,八日市,滋賀県,東近江市立八日市西小学校,TRIMBLE ALLOY,TPSCR.G5        GSI
940063,EL05237505303,日進,愛知県,日進市民会館,TRIMBLE ALLOY,TPSCR.G5        GSI
940064,EL05236141002,津,三重県,津市立一身田小学校,TRIMBLE ALLOY,TPSCR.G5        GSI
940065,EL05136565801,鳥羽,三重県,鳥羽市立鳥羽東中学校,TRIMBLE ALLOY,TPSCR.G5        GSI
940066,EL05136017502,尾鷲,三重県,尾鷲市立尾鷲中学校,TOPCON NETG5,TRM59800.80     GSI
940067,EL05235240001,箕面,大阪府,箕面市立第二総合運動場,TOPCON NETG5,TRM59800.80     GSI
940068,EL05135467802,奈良吉野,奈良県,吉野町立吉野小学校,TRIMBLE ALLOY,TRM159900.00    GSI
940069,EL05135118702,和歌山海南,和歌山県,海南市立第二中学校,TRIMBLE ALLOY,TRM159900.00    GSI
940070,EL05035168101,串本,和歌山県,串本町立綿富小学校,TRIMBLE ALLOY,TRM159900.00    GSI
940071,EL05234144403,兵庫御津,兵庫県,たつの市立御津幼稚園,TRIMBLE ALLOY,TRM59800.80     GSI
940072,EL05334320603,岩美,鳥取県,岩美町立岩美北小学校,5700,TRM29659.00
940073,EL05333158504,東伯,鳥取県,琴浦町立浦安小学校,5700,TRM29659.00
940074,EL05333102403,松江,島根県,松江市立湖南中学校,TOPCON NETG5,TPSCR.G5        GSI
940075,EL05232410603,江津,島根県,江津市立高角小学校,TRIMBLE ALLOY,TRM59800.80     GSI
940076,EL05131743802,須佐,山口県,萩市立須佐中学校,TOPCON NETG5,TRM59800.80     GSI
940077,EL05133645202,笠岡,岡山県,笠岡市立吉田小学校,TOPCON NETG5,TRM59800.80     GSI
940078,EL05132440602,広島熊野,広島県,熊野町立熊野中学校,TRIMBLE ALLOY,TRM159900.00    GSI
940079,EL05030779303,下関,山口県,下関市立垢田中学校,TOPCON NETG5,TRM59800.80     GSI
940080,EL05134304102,高松,香川県,香川県立高松南高等学校,NETR9,TRM59800.80     GSI
940081,EL05034751001,阿南１,徳島県,徳島県阿南市長生町西方５８９－１　阿南市立阿南第一中学校,NETG3,TPSCR.G5        GSI
940082,EL04934707901,室戸,高知県,独立行政法人国立室戸少年自然の家,TOPCON NETG5,TRM59800.80     GSI
940083,EL05033243602,高知,高知県,高知市立十津小学校,TOPCON NETG5,TRM59800.80     GSI
940084,EL04933712901,中土佐１,高知県,中土佐町立上ノ加江中学校,TRIMBLE NETR9,TRM59800.80     GSI
940085,EL04932170702,土佐清水,高知県,土佐清水市立中浜小学校,TOPCON NETG5,TRM59800.80     GSI
940086,EL05032126202,伊方,愛媛県,国道197号沿い,TOPCON NETG5,TRM59800.80     GSI
940087,EL05030437802,古賀,福岡県,古賀市立古賀中学校,TOPCON NETG5,TRM159900.00    GSI
940088,EL05031155502,安岐,大分県,国東市高齢者生活福祉センター（やすらぎ）,TRIMBLE ALLOY,TRM159900.00    GSI
940089,EL04930779701,日田,大分県,日田市立有田小学校,TRIMBLE ALLOY,TPSCR.G5        GSI
940090,EL04931370001,大分佐伯,大分県,佐伯市立下堅田小学校,TOPCON NETG5,TRM59800.80     GSI
940091,EL05029167801,玄海,佐賀県,玄海町立仮屋小学校,TRIMBLE ALLOY,TPSCR.G5        GSI
940092,EL04929063802,長崎,長崎県,南部地区公園,5700,TRM29659.00
940093,EL04830655103,千丁,熊本県,北村農村公園,TRIMBLE ALLOY,TRM159900.00    GSI
940094,EL04831553003,日向,宮崎県,大王谷運動公園,TRIMBLE ALLOY,TRM59800.80     GSI
940095,EL04831032702,佐土原,宮崎県,宮崎市立久峰中学校,TRIMBLE ALLOY,TRM159900.00    GSI
940096,EL04830011501,阿久根,鹿児島県,グランビューあくね,TOPCON NETG5,TRM159900.00    GSI
940097,EL04730230703,鹿児島１,鹿児島県,錦江ゴルフクラブ敷地内,TOPCON NETG3,TPSCR.G5        GSI
940098,EL04630721301,枕崎,鹿児島県,台場公園,TOPCON NETG5,TRM59800.80     GSI
940099,EL04631701701,内之浦,鹿児島県,肝付町総合グラウンド（駐車場）,TRIMBLE ALLOY,TRM159900.00    GSI
940100,EL03927167101,玉城,沖縄県,南城市玉城富里２２２,5700,TRM29659.00
94111,EL05239405702,網代,静岡県,熱海市立網代中学校,Trimble 4000SSI,TRM23903.00
942001,EL06541263701,新十津川,北海道,新十津川宇宙測地観測場（敷地内）,TOPCON GP-R1DY,TOP700779A
942002,EL05440102603,つくば地理院 (つくば2),茨城県,国土交通省国土地理院,TOPCON GP-R1DY,TOP700779A
942003,EL04042511401,父島,東京都,たまね荘１号,5700,TRM29659.00
942004,EL04730171001,鹿屋,鹿児島県,気象庁地磁気観測所鹿屋出張所,TRIMBLE NETR9,TRM59800.80     GSI
950101,EL06842010302,猿払,北海道,猿払村営牧場,TOPCON NETG5,TRM59800.80     GSI
950102,EL06741703302,礼文,北海道,礼文町立尺忍小学校跡地,TOPCON NETG5,TPSCR.G5        GSI
950103,EL06742440202,枝幸,北海道,北緯４５度記念広場,TRIMBLE ALLOY,TRM159900.00    GSI
950104,EL06741257902,天塩,北海道,天塩町いつくしま公園,TRIMBLE ALLOY,TRM59800.80     GSI
950105,EL06742027101,音威子府,北海道,音威子府村山村広場,TRIMBLE ALLOY,TRM159900.00    GSI
950106,EL06641521602,天売島,北海道,羽幌町役場天売支所,TOPCON NETG5,TRM59800.80     GSI
950107,EL06642355001,下川,北海道,下川町桜ヶ丘公園,TRIMBLE ALLOY,TRM59800.80     GSI
950108,EL06644007201,常呂,北海道,農村環境改善センター,TOPCON NETG5,TRM159900.00    GSI
950109,EL06645012402,羅臼,北海道,羅臼町有地,TRIMBLE ALLOY,TRM159900.00    GSI
950110,EL06642010201,幌加内,北海道,幌加内町立幌加内中学校,TRIMBLE ALLOY,TRM159900.00    GSI
950111,EL06643020602,丸瀬布,北海道,丸瀬布中央公民館,TOPCON NETG5,TPSCR.G5        GSI
950112,EL06443277402,音別,北海道,釧路市立音別中学校,TOPCON NETG5,TRM59800.80     GSI
950113,EL06544275801,中標津,北海道,中標津町立広陵中学校,TRIMBLE ALLOY,TRM159900.00    GSI
950114,EL06543661202,北見,北海道,北見市心身障害者共同作業所工房とみさと(駐車場),TRIMBLE ALLOY,TRM159900.00    GSI
950115,EL06545319001,標津,北海道,標津町役場,TOPCON NETG5,TRM59800.80     GSI
950116,EL06544069102,別海１,北海道,西公民館,TRIMBLE ALLOY,TRM59800.80     GSI
950117,EL06541038402,厚田,北海道,厚田公園,TOPCON NETG5,TPSCR.G5        GSI
950118,EL06545005901,別海２,北海道,別海町交流センター「郊楽苑」,TRIMBLE ALLOY,TPSCR.G5        GSI
950119,EL06545064403,根室２,北海道,根室市立珸瑤瑁小学校,TOPCON NETG5,TRM59800.80     GSI
950120,EL06440745703,積丹,北海道,Ｂ＆Ｇ財団積丹海洋センター,TOPCON NETG5,TRM59800.80     GSI
950121,EL06443744402,足寄,北海道,足寄町有地,TOPCON NETG5,TRM59800.80     GSI
950122,EL06444627602,鶴居,北海道,鶴居村有地,TOPCON NETG5,TRM59800.80     GSI
950123,EL06443627301,上士幌,北海道,上士幌町中央公園,NETR9,TRM59800.80     GSI
950124,EL06444514001,阿寒１,北海道,釧路市立阿寒中学校,TRIMBLE ALLOY,TPSCR.G5        GSI
950125,EL06444466702,厚岸,北海道,厚岸グルメパーク（道の駅）,TOPCON NETG5,TRM59800.80     GSI
950126,EL06440436902,泊,北海道,泊村公民館,TOPCON NETG5,TPSCR.G5        GSI
950127,EL06440348302,共和,北海道,森林健康公園,TRIMBLE ALLOY,TPSCR.G5        GSI
950128,EL06441326301,札幌,北海道,札幌市北方自然教育園,TRIMBLE ALLOY,TRM59800.80     GSI
950129,EL06440272002,京極,北海道,京極町立京極小学校,TRIMBLE NETR9,TRM59800.80     GSI
950130,EL06440146802,蘭越,北海道,黄金公園,TRIMBLE ALLOY,TRM159900.00    GSI
950131,EL06440114802,寿都,北海道,寿都町立寿都中学校,TRIMBLE ALLOY,TRM59800.80     GSI
950132,EL06441067902,厚真,北海道,かしわ公園,TRIMBLE ALLOY,TRM159900.00    GSI
950133,EL06442027303,平取,北海道,鉄道記念公園,TOPCON NETG5,TRM159900.00    GSI
950134,EL06443003802,中札内,北海道,中島農業センター,TRIMBLE ALLOY,TRM59800.80     GSI
950135,EL06441000501,大滝,北海道,伊達市基幹集落センター,TRIMBLE ALLOY,TPSCR.G5        GSI
950136,EL06341748802,苫小牧,北海道,緑ヶ丘公園,TRIMBLE ALLOY,TRM159900.00    GSI
950137,EL06340767602,洞爺,北海道,とうやクリーナップセンター,TRIMBLE ALLOY,TRM59800.80     GSI
950138,EL06343636602,大樹,北海道,大樹町営晩成牧場,TOPCON NETG5,TRM59800.80     GSI
950139,EL06341625802,白老,北海道,町民ふれあい広場,TOPCON NETG5,TRM59800.80     GSI
950140,EL06340529802,長万部,北海道,長万部慈恵園,TOPCON NETG5,TRM59800.80     GSI
950141,EL06342507402,門別,北海道,デイ･サービスセンター（やすらぎ荘）,TRIMBLE ALLOY,TRM59800.80     GSI
950142,EL06342249503,三石,北海道,新ひだか町特別養護老人ホーム蓬莱荘,TRIMBLE ALLOY,TRM59800.80     GSI
950143,EL06340229003,八雲,北海道,八雲スポーツ公園,TOPCON NETG5,TRM59800.80     GSI
950144,EL06342175401,様似,北海道,アポイの火まつり資材センター,TOPCON NETG5,TRM159900.00    GSI
950145,EL06340105002,熊石,北海道,八雲町有地（青少年旅行村）,TRIMBLE ALLOY,TRM59800.80     GSI
950146,EL06340141502,北海道森,北海道,オニウシ公園,TOPCON NETG5,TRM59800.80     GSI
950147,EL06340065402,鹿部,北海道,山村広場,TRIMBLE ALLOY,TPSCR.G5        GSI
950148,EL06241610102,椴法華,北海道,函館市立椴法華中学校,5700,TRM29659.00
950149,EL06240321501,知内,北海道,知内町有地（学校跡地）,TRIMBLE NETR9,TPSCR.G5        GSI
950150,EL06240174003,佐井,青森県,佐井村立原田小学校(H18年度廃校),TRIMBLE ALLOY,TRM59800.80     GSI
950151,EL06140455002,蟹田,青森県,蟹田一本松地区公園,TOPCON NETG5,TPSCR.G5C       GSI
950152,EL06141326902,六ヶ所,青森県,六ヶ所村立第一中学校,TRIMBLE ALLOY,TRM59800.80     GSI
950153,EL06041715502,十和田,青森県,十和田市立ちとせ小学校,TRIMBLE ALLOY,TRM159900.00    GSI
950154,EL06039679402,岩崎,青森県,深浦町岩崎スポーツセンター,TRIMBLE ALLOY,TRM159900.00    GSI
950155,EL06040642602,大鰐,青森県,大鰐町立蔵館小学校,TRIMBLE ALLOY,TPSCR.G5        GSI
950156,EL06041641003,八戸,青森県,八戸市立小中野中学校,TRIMBLE ALLOY,TRM159900.00    GSI
950157,EL06041304602,田子,青森県,田子町立上郷小学校,TOPCON NETG5,TPSCR.G5        GSI
950158,EL06041458701,種市,岩手県,洋野町立種市小学校,TRIMBLE ALLOY,TRM59800.80     GSI
950159,EL06041324301,二戸,岩手県,二戸市立中央小学校,TOPCON NETG5,TRM159900.00    GSI
950160,EL06041035601,葛巻,岩手県,葛巻町総合運動公園,TRIMBLE ALLOY,TRM159900.00    GSI
950161,EL05941717802,岩手,岩手県,岩手町立沼宮内中学校,TRIMBLE ALLOY,TRM159900.00    GSI
950162,EL05941674602,岩泉１,岩手県,岩泉町立小本小学校　大牛内分校,TRIMBLE ALLOY,TRM59800.80     GSI
950163,EL05941612302,玉山,岩手県,盛岡市渋民運動公園,TOPCON NETG5,TRM59800.80     GSI
950164,EL05941661403,岩泉２,岩手県,岩泉町立岩泉中学校,TRIMBLE ALLOY,TPSCR.G5        GSI
950165,EL05940474701,雫石,岩手県,雫石町総合運動公園,TRIMBLE ALLOY,TRM59800.80     GSI
950166,EL05941311302,矢巾,岩手県,矢巾町間野々公民館,TOPCON NETG5,TRM59800.80     GSI
950167,EL05941174601,山田,岩手県,山田町立町民グランド,TOPCON NETG5,TRM59800.80     GSI
950168,EL05941003403,花巻,岩手県,花巻市立西南中学校,5700,TRM29659.00
950169,EL05941040202,遠野,岩手県,遠野市立遠野中学校,5700,TRM29659.00
950170,EL05841760301,釜石,岩手県,釜石市立甲子中学校,TRIMBLE ALLOY,TRM159900.00    GSI
950171,EL05841452902,大船渡,岩手県,大船渡市森林総合利用施設フレアイランド 尾崎岬,TOPCON NETG5,TRM59800.80     GSI
950172,EL05841248502,気仙沼,宮城県,気仙沼市立気仙沼小学校,TRIMBLE ALLOY,TRM159900.00    GSI
950173,EL05840177901,栗駒,宮城県,栗原市立栗駒中学校,TOPCON NETG5,TRM59800.80     GSI
950174,EL05840069402,鳴子,宮城県,大崎市市営放牧場,TRIMBLE ALLOY,TRM59800.80     GSI
950175,EL05841031502,志津川,宮城県,南三陸町立志津川小学校,TOPCON NETG5,TRM59800.80     GSI
950176,EL05741614101,涌谷,宮城県,涌谷町町民医療福祉センター,TOPCON NETG5,TPSCR.G5        GSI
950177,EL05740469802,宮城大和,宮城県,宮城県黒川郡大和町宮床字牛喰２０,NetR9,TRM59800.80     GSI
950178,EL05740254102,宮城川崎,宮城県,川崎町立川内小学校,TRIMBLE ALLOY,TRM59800.80     GSI
950179,EL05740063702,亘理,宮城県,亘理町立亘理中学校,TOPCON NETG5,TRM59800.80     GSI
950180,EL05640738502,七ヶ宿,宮城県,七ヶ宿町立関小学校,TRIMBLE ALLOY,TRM159900.00    GSI
950181,EL06040349601,大館,秋田県,大館市立第二中学校,TRIMBLE ALLOY,TRM59800.80     GSI
950182,EL06040322101,藤里,秋田県,藤里町立藤里小学校,TRIMBLE ALLOY,TPSCR.G5        GSI
950183,EL06040265201,鹿角,秋田県,鹿角市役所,TRIMBLE ALLOY,TRM59800.80     GSI
950184,EL06040209302,能代,秋田県,能代地区土地改良区,TRIMBLE ALLOY,TRM59800.80     GSI
950185,EL06040030202,阿仁,秋田県,北秋田市立阿仁合小学校,TOPCON NETG5,TRM59800.80     GSI
950186,EL05940712001,五城目,秋田県,馬川地区公民館,TRIMBLE ALLOY,TRM159900.00    GSI
950187,EL05940449701,西木,秋田県,西木総合健康増進センター,TRIMBLE ALLOY,TRM159900.00    GSI
950188,EL05940318802,河辺,秋田県,秋田市立河辺小学校,TOPCON NETG5,TPSCR.G5        GSI
950189,EL05940235001,西仙北,秋田県,大仙市立西仙北東中学校,TRIMBLE ALLOY,TRM59800.80     GSI
950190,EL05840749402,横手,秋田県,横手市立朝倉小学校,TRIMBLE ALLOY,TPSCR.G5        GSI
950191,EL05839674202,象潟,秋田県,にかほ市民野球場（九十九島球場）,TRIMBLE ALLOY,TRM159900.00    GSI
950192,EL05840519201,鳥海,秋田県,由利本荘市立直根小学校,TRIMBLE ALLOY,TRM159900.00    GSI
950193,EL05840456001,皆瀬,秋田県,湯沢市市営皆瀬野球場,TOPCON NETG5,TRM59800.80     GSI
950194,EL05839642302,飛島,山形県,国土地理院飛鳥験潮場,TOPCON NETG5,TRM59800.80     GSI
950195,EL05839171602,立川,山形県,庄内町南部児童館,TRIMBLE ALLOY,TRM159900.00    GSI
950196,EL05739761603,朝日,山形県,鶴岡市本郷地区山村広場,TOPCON NETG5,TRM59800.80     GSI
950197,EL05739157901,山形小国,山形県,越中里活性化センター,TRIMBLE ALLOY,TPSCR.G5        GSI
950198,EL05640705701,米沢,山形県,米沢市立六郷小学校,TRIMBLE ALLOY,TRM59800.80     GSI
950199,EL05740203602,白鷹,山形県,白鷹町立鮎貝小学校,TRIMBLE ALLOY,TPSCR.G5        GSI
950200,EL05640431702,福島,福島県,福島市立金谷川小学校,TRIMBLE ALLOY,TPSCR.G5        GSI
950201,EL05640267001,浪江,福島県,浪江町立津島小学校,TOPCON NETG5,TRM59800.80     GSI
950202,EL05640208503,猪苗代１,福島県,猪苗代町営磐梯山牧場,TRIMBLE ALLOY,TRM59800.80     GSI
950203,EL05641204002,小高,福島県,南相馬市立福浦小学校,TRIMBLE ALLOY,TRM59800.80     GSI
950204,EL05639146202,金山,福島県,金山町中川運動場,TRIMBLE ALLOY,TRM159900.00    GSI
950205,EL05540759203,滝根,福島県,田村市立滝根中学校,TRIMBLE ALLOY,TRM159900.00    GSI
950206,EL05539726903,只見,福島県,只見町立朝日中学校,TRIMBLE ALLOY,TPSCR.G5        GSI
950207,EL05539743001,福島南郷,福島県,南会津町和泉田農村環境改善センター,TOPCON NETG5,TRM59800.80     GSI
950208,EL05540774901,楢葉,福島県,楢葉町立楢葉中学校,5700,TRM29659.00
950209,EL05539761901,下郷,福島県,下郷町立下郷中学校,TOPCON NETG5,TRM59800.80     GSI
950210,EL05540525001,白河,福島県,白河市立白河第四小学校,TRIMBLE ALLOY,TRM159900.00    GSI
950211,EL05540540402,古殿,福島県,古殿町立古殿中学校,TOPCON NETG5,TPSCR.G5        GSI
950212,EL05540233302,矢祭,福島県,矢祭町立関岡小学校,TRIMBLE ALLOY,TRM59800.80     GSI
950213,EL05440728302,美和,茨城県,花立自然公園,TRIMBLE ALLOY,TRM159900.00    GSI
950214,EL05540166003,北茨城,茨城県,北茨城市民体育館,TOPCON NETG5,TRM59800.80     GSI
950215,EL05440403602,岩瀬,茨城県,桜川市立坂戸小学校,TOPCON NETG5,TRM59800.80     GSI
950216,EL05440431802,水戸,茨城県,水戸市立吉田小学校,TRIMBLE ALLOY,TRM59800.80     GSI
950217,EL05540202301,大田原,栃木県,大田原東地区公民館,TOPCON NETG5,TRM59800.80     GSI
950218,EL05439749902,日光,栃木県,日光市立小来川小中学校,TRIMBLE ALLOY,TRM159900.00    GSI
950219,EL05439771301,宇都宮,栃木県,宇都宮市立海道小学校,TOPCON NETG5,TRM59800.80     GSI
950220,EL05539112702,片品,群馬県,片品村寄居山公園,TRIMBLE ALLOY,TRM159900.00    GSI
950221,EL05438640401,嬬恋,群馬県,嬬恋村立鎌原小学校,TOPCON NETG5,TRM59800.80     GSI
950222,EL05439520602,桐生,群馬県,桐生市立教育研究所,TOPCON NETG5,TRM59800.80     GSI
950223,EL05339708602,秩父,埼玉県,秩父市立秩父第二中学校,TOPCON NETG5,TRM59800.80     GSI
950224,EL05339667302,越谷,埼玉県,越谷市東越谷第二公園,TOPCON NETG5,TRM159900.00    GSI
950225,EL05340308301,千葉花見川,千葉県,幕張舟溜跡公園,TRIMBLE ALLOY,TPSCR.G5        GSI
950226,EL05240639001,千葉大原,千葉県,いすみ市大原グラウンド,TOPCON NETG5,TRM59800.80     GSI
950227,EL05239470702,丸山,千葉県,千倉海岸三原地区,TOPCON NETG5,TRM59800.80     GSI
950228,EL05339359001,世田谷,東京都,日本大学文理学部陸上競技場,TRIMBLE ALLOY,TRM59800.80     GSI
950229,EL05339010302,大井,神奈川県,大井町立相和小学校,TRIMBLE ALLOY,TRM59800.80     GSI
950230,EL05239712101,小田原,神奈川県,久野兎河原公園,TOPCON NETG5,TPSCR.G5        GSI
950231,EL05739525002,粟島浦,新潟県,栗島漁港（漁港環境整備施設用地）,TOPCON NETG5,TRM159900.00    GSI
950232,EL05738348102,両津１,新潟県,佐渡市立内海府中学校,TRIMBLE ALLOY,TRM159900.00    GSI
950233,EL05738037701,両津２,新潟県,佐渡市立河崎小学校,TRIMBLE ALLOY,TRM159900.00    GSI
950234,EL05639721802,新発田,新潟県,新発田市立東中学校,TOPCON NETG3,TPSCR.G5        GSI
950235,EL05638527101,小木,新潟県,小木漁港（漁港環境整備施設用地）,TRIMBLE ALLOY,TRM159900.00    GSI
950236,EL05639432801,鹿瀬,新潟県,鹿瀬保育園,TOPCON NETG5,TRM59800.80     GSI
950237,EL05638460202,寺泊,新潟県,長岡市野積河川公園,TOPCON NETG5,TPSCR.G5        GSI
950238,EL05639309402,新潟加茂,新潟県,新潟県立加茂農林高等学校,TRIMBLE ALLOY,TPSCR.G5        GSI
950239,EL05638176903,栃尾,新潟県,長岡市立秋葉中学校,TRIMBLE ALLOY,TRM159900.00    GSI
950240,EL05538767303,小千谷,新潟県,小千谷市立小千谷中学校,TOPCON NETG5,TPSCR.G5        GSI
950241,EL05538627603,大潟,新潟県,上越市立大潟町中学校,TOPCON NETG5,TRM59800.80     GSI
950242,EL05538579402,新潟大和,新潟県,南魚沼市公民館,TOPCON NETG5,TRM59800.80     GSI
950243,EL05538509802,名立,新潟県,シーサイドパーク名立,TOPCON NETG5,TPSCR.G5        GSI
950244,EL05538449802,松之山,新潟県,特別養護老人ホーム不老閣,TRIMBLE ALLOY,TRM59800.80     GSI
950245,EL05537465901,糸魚川１,新潟県,糸魚川市立糸魚川東小学校,TRIMBLE ALLOY,TRM59800.80     GSI
950246,EL05538369602,塩沢,新潟県,南魚沼市大原運動公園,TRIMBLE ALLOY,TRM159900.00    GSI
950247,EL05538213501,妙高高原,新潟県,妙高高原スポーツ公園,TRIMBLE ALLOY,TRM159900.00    GSI
950248,EL05536078901,高岡,富山県,高岡市立木津小学校,TRIMBLE ALLOY,TRM159900.00    GSI
950249,EL05437716502,富山,富山県,富山市立新保小学校,TRIMBLE NETR9,TRM59800.80     GSI
950250,EL05437639503,大山,富山県,グランドサンピア立山,TOPCON NETG5,TPSCR.G5        GSI
950251,EL05436478302,上平,富山県,南砺市立上平中学校,TOPCON NETG5,TPSCR.G5        GSI
950252,EL05636672303,舳倉島,石川県,輪島市立鳳至小・上野台中学校舳倉島分校,TRIMBLE NETR9,TPSCR.G5        GSI
950253,EL05637123103,珠洲,石川県,野々江総合公園,TRIMBLE ALLOY,TRM159900.00    GSI
950254,EL05536460103,志賀,石川県,志賀町立高浜中学校,5700,TRM29659.00
950255,EL05436437103,小松,石川県,ふれあい健康広場,TRIMBLE ALLOY,TRM59800.80     GSI
950256,EL05436159002,白峰,石川県,白峰温泉の里「御前荘」,TRIMBLE ALLOY,TRM159900.00    GSI
950257,EL05436127202,丸岡,福井県,丸岡運動公園,TRIMBLE ALLOY,TRM159900.00    GSI
950258,EL05336748002,大野,福井県,大野市立有終東小学校,TRIMBLE ALLOY,TRM59800.80     GSI
950259,EL05335773901,越前,福井県,越前町立四ヶ浦小学校,TOPCON NETG5,TRM59800.80     GSI
950260,EL05336515502,今庄,福井県,南越前町立湯尾小学校,TRIMBLE ALLOY,TPSCR.G5        GSI
950261,EL05335274202,三方,福井県,若狭町立明倫小学校,TRIMBLE ALLOY,TRM59800.80     GSI
950262,EL05335145802,大飯,福井県,おおい町立大飯中学校,TOPCON NETG3,TPSCR.G5        GSI
950263,EL05338622502,小淵沢,山梨県,北杜市立小淵沢小学校,TRIMBLE ALLOY,TRM59800.80     GSI
950264,EL05338459503,牧丘,山梨県,山梨市立牧丘第二小学校,TRIMBLE ALLOY,TRM159900.00    GSI
950265,EL05538136402,山ノ内,長野県,山ノ内町立北小学校,TOPCON NETG5,TRM59800.80     GSI
950266,EL05537064902,白馬,長野県,白馬村村営北部グランド,TOPCON NETG5,TRM59800.80     GSI
950267,EL05438719901,長野,長野県,長野市北堀公園,TRIMBLE ALLOY,TRM159900.00    GSI
950268,EL05438426502,東部,長野県,田沢地区農業集落排水処理場,TRIMBLE ALLOY,TRM159900.00    GSI
950269,EL05438451101,軽井沢,長野県,軽井沢町矢ヶ崎公園,TOPCON NETG5,TRM59800.80     GSI
950270,EL05437378202,豊科,長野県,県民豊科運動広場,TRIMBLE ALLOY,TPSCR.G5        GSI
950271,EL05438215703,和田,長野県,長和町在宅介護支援センター,TOPCON NETG5,TPSCR.G5C       GSI
950272,EL05438135602,八千穂,長野県,佐久穂町千ケ日向総合グウランド,TRIMBLE ALLOY,TRM159900.00    GSI
950273,EL05437174802,塩尻,長野県,長野県畜産試験場,TOPCON NETG5,TRM59800.80     GSI
950274,EL05337554503,上松,長野県,上松町天狗山公園,TRIMBLE ALLOY,TRM59800.80     GSI
950275,EL05338206302,大鹿,長野県,大鹿村中央構造線博物館,TRIMBLE ALLOY,TRM159900.00    GSI
950276,EL05337262501,飯田,長野県,飯田市立丸山小学校,TRIMBLE ALLOY,TRM159900.00    GSI
950277,EL05237778402,南信濃,長野県,飯田市Ｂ＆Ｇ海洋センター,TOPCON NETG5,TRM59800.80     GSI
950278,EL05237649702,根羽,長野県,根羽村山村広場駐車場,TOPCON NETG5,TRM59800.80     GSI
950279,EL05437410101,宮川,岐阜県,飛騨市　宮川スポーツ公園,TRIMBLE ALLOY,TRM159900.00    GSI
950280,EL05436073602,荘川,岐阜県,高山市立荘川小学校,TRIMBLE ALLOY,TRM59800.80     GSI
950281,EL05337746201,高根,岐阜県,高根町緑地広場,TRIMBLE ALLOY,TRM59800.80     GSI
950282,EL05336664902,白鳥,岐阜県,白鳥町ふれあい広場公園,TOPCON NETG5,TRM59800.80     GSI
950283,EL05336570802,八幡,岐阜県,八幡町小野第２公園,TRIMBLE ALLOY,TRM59800.80     GSI
950284,EL05337338302,付知,岐阜県,中津川市付知学童学校給食センター,TRIMBLE ALLOY,TRM59800.80     GSI
950285,EL05336336901,藤橋,岐阜県,森林生態学習舎「自然舎」,TRIMBLE ALLOY,TRM159900.00    GSI
950286,EL05336345801,根尾,岐阜県,根尾村淡墨公園,TOPCON NETG5,TPSCR.G5        GSI
950287,EL05337313301,加茂白川,岐阜県,白川町立白川北小学校,TRIMBLE ALLOY,TPSCR.G5        GSI
950288,EL05336158401,本巣,岐阜県,本巣市総合運動場,TRIMBLE ALLOY,TRM59800.80     GSI
950289,EL05337107902,八百津,岐阜県,八百津町立八百津中学校,TRIMBLE ALLOY,TRM59800.80     GSI
950290,EL05336058802,岐阜,岐阜県,岐阜県立岐南工業工業高等学校,5700,TRM29659.00
950291,EL05336044301,垂井,岐阜県,垂井町立東幼稚園,TOPCON NETG5,TPSCR.G5        GSI
950292,EL05337004802,多治見,岐阜県,多治見市旭ヶ丘公園,TRIMBLE ALLOY,TPSCR.G5        GSI
950293,EL05237731202,串原,岐阜県,サンホールくしはら,TOPCON NETG5,TPSCR.G5        GSI
950294,EL05236647701,南濃,岐阜県,海津市立城山小学校,TRIMBLE ALLOY,TRM159900.00    GSI
950295,EL05237473802,春野,静岡県,浜松市立春野北小学校,TOPCON NETG5,TPSCR.G5        GSI
950296,EL05238348102,静岡清水市２,静岡県,東海大学海洋学部,TOPCON NETG5,TRM59800.80     GSI
950297,EL05238273302,天城湯ヶ島２,静岡県,伊豆市鉢窪浄水場前道路脇,TRIMBLE ALLOY,TRM159900.00    GSI
950298,EL05336070403,愛知大口,愛知県,大口町二ツ屋公園,TOPCON NETG5,TPSCR.G5        GSI
950299,EL05236662601,甚目寺,愛知県,甚目寺町立南中学校,TOPCON NETG5,TPSCR.G5        GSI
950300,EL05237526001,愛知豊田,愛知県,豊田市立中金小学校,TOPCON NETG5,TRM59800.80     GSI
950301,EL05237424502,下山,愛知県,豊田市立下山中学校,TRIMBLE ALLOY,TRM159900.00    GSI
950302,EL05237309401,知立,愛知県,知立市立八ッ田小学校,TRIMBLE ALLOY,TRM159900.00    GSI
950303,EL05237320301,額田,愛知県,岡崎市立額田中学校,TRIMBLE ALLOY,TRM159900.00    GSI
950304,EL05236168902,常滑１,愛知県,常滑市小脇公園,TRIMBLE ALLOY,TRM159900.00    GSI
950305,EL05237105902,幡豆,愛知県,幡豆町立幡豆小学校,TOPCON NETG5,TRM59800.80     GSI
950306,EL05137727201,田原,愛知県,田原市立神戸小学校,TRIMBLE ALLOY,TRM59800.80     GSI
950307,EL05137703502,渥美,愛知県,田原市立亀山小学校,TOPCON NETG5,TRM59800.80     GSI
950308,EL05236542003,大安,三重県,いなべ市立石榑小学校,5700,TRM29659.00
950309,EL05236259003,楠,三重県,楠プラザ　楠公民館,TOPCON NETG5,TRM159900.00    GSI
950310,EL05236019401,上野,三重県,伊賀市教育研究センター,TOPCON NETG5,TRM59800.80     GSI
950311,EL05136645402,松阪,三重県,松阪市立徳和小学校,TRIMBLE ALLOY,TRM159900.00    GSI
950312,EL05136521601,飯高,三重県,松阪市立飯高東中学校,TRIMBLE ALLOY,TRM159900.00    GSI
950313,EL05136344303,南島,三重県,南島町立東宮保育所,5700,TRM29659.00
950314,EL05136360502,志摩,三重県,志摩市志摩総合スポーツ公園,TRIMBLE ALLOY,TRM159900.00    GSI
950315,EL05036605602,三重熊野,三重県,熊野市立有馬小学校,TRIMBLE ALLOY,TRM159900.00    GSI
950316,EL05036408002,鵜殿,三重県,紀宝町立うどの幼稚園,TRIMBLE ALLOY,TRM159900.00    GSI
950317,EL05336216502,余呉,滋賀県,（旧）余呉町立片岡小学校,TRIMBLE ALLOY,TPSCR.G5        GSI
950318,EL05336105402,マキノ,滋賀県,マキノ林間スポーツセンター多目的グラウンド,TRIMBLE ALLOY,TRM59800.80     GSI
950319,EL05335072303,朽木,滋賀県,高島市立朽木東小学校,TOPCON NETG5,TRM59800.80     GSI
950320,EL05236708502,安曇川,滋賀県,高島市立本庄小学校,TRIMBLE ALLOY,TRM159900.00    GSI
950321,EL05236712803,彦根,滋賀県,大藪児童公園,TRIMBLE ALLOY,TRM159900.00    GSI
950322,EL05235566901,大津１,滋賀県,修景保全対策事業記念公園,TRIMBLE ALLOY,TRM159900.00    GSI
950323,EL05236318103,水口,滋賀県,水口町さつきが丘中央公園,TRIMBLE ALLOY,TRM59800.80     GSI
950324,EL05235372202,大津２,滋賀県,大津市立南郷小学校,TRIMBLE ALLOY,TRM59800.80     GSI
950325,EL05236321302,土山,滋賀県,甲賀市立土山中学校,5700,TRM29659.00
950326,EL05236204402,信楽,滋賀県,甲賀市立信楽中学校,TRIMBLE ALLOY,TPSCR.G5        GSI
950327,EL05335510302,丹後,京都府,京丹後市立宇川小学校,TRIMBLE ALLOY,TRM59800.80     GSI
950328,EL05334276403,久美浜,京都府,京丹後市立川上小学校,TRIMBLE NETR9,TPSCR.G5        GSI
950329,EL05235715303,福知山,京都府,福知山市立日新中学校,TOPCON NETG5,TPSCR.G5        GSI
950330,EL05235665101,京都左京１,京都府,京都市立花背第二中学校,5700,TRM29659.00
950331,EL05235529902,瑞穂,京都府,グリーンランドみずほ,TOPCON NETG5,TPSCR.G5        GSI
950332,EL05235449503,亀岡,京都府,亀岡市旭公園,TOPCON NETG5,TRM59800.80     GSI
950333,EL05235358302,京都西京,京都府,京都市立大枝中学校,TRIMBLE ALLOY,TRM159900.00    GSI
950334,EL05235069902,京都加茂,京都府,加茂町赤田川町民グラウンド,TOPCON NETG5,TRM159900.00    GSI
950335,EL05235153402,交野,大阪府,交野市立岩船小学校,TRIMBLE ALLOY,TRM159900.00    GSI
950336,EL05235041101,大阪,大阪府,銅座公園,JAVAD DELTA-G3T,TRM59800.80     GSI
950337,EL05135633801,堺,大阪府,堺市立八田荘小学校,TOPCON NETG5,TPSCR.G5        GSI
950338,EL05135557001,河南,大阪府,河南町立中村小学校,TRIMBLE ALLOY,TRM159900.00    GSI
950339,EL05135540602,河内長野,大阪府,河内長野市立美加の台中学校,TOPCON NETG5,TPSCR.G5        GSI
950340,EL05135428901,熊取,大阪府,熊取町立北小学校,TRIMBLE ALLOY,TRM59800.80     GSI
950341,EL05334142602,村岡,兵庫県,兵庫県立兎和野高原野外教育センター,TOPCON NETG5,TPSCR.G5        GSI
950342,EL05234767501,和田山,兵庫県,兵庫県立農林水産技術総合センター北部農業技術センター,TRIMBLE NETR9,TPSCR.G5        GSI
950343,EL05235512402,西紀,兵庫県,篠山市立西紀小学校,TOPCON NETG5,TRM59800.80     GSI
950344,EL05234541602,兵庫一宮,兵庫県,宍粟市立神戸小学校,TRIMBLE ALLOY,TRM59800.80     GSI
950345,EL05234570702,山南,兵庫県,丹波市立和田中学校,TOPCON NETG5,TRM159900.00    GSI
950346,EL05234339202,南光,兵庫県,佐用町スポーツ公園「若あゆランド」,TOPCON NETG5,TRM59800.80     GSI
950347,EL05234368103,兵庫市川,兵庫県,市川町立川辺小学校,TRIMBLE ALLOY,TRM159900.00    GSI
950348,EL05235327601,猪名川,兵庫県,猪名川町立大島小学校,TRIMBLE NETR9,TPSCR.G5        GSI
950349,EL05235313401,三田,兵庫県,三田市立長坂中学校,TRIMBLE ALLOY,TRM159900.00    GSI
950350,EL05234247303,新宮,兵庫県,たつの市立越部小学校,TRIMBLE ALLOY,TPSCR.G5        GSI
950351,EL05235117702,神戸北,兵庫県,神戸市藤原山公園,TRIMBLE ALLOY,TPSCR.G5        GSI
950352,EL05234176903,三木,兵庫県,三木市立三木幼稚園,TOPCON NETG5,TPSCR.G5        GSI
950353,EL05235124701,宝塚,兵庫県,宝塚市立西山小学校,TOPCON NETG5,TPSCR.G5        GSI
950354,EL05234164601,加古川,兵庫県,加古川市立東神吉南小学校,TOPCON NETG5,TRM159900.00    GSI
950355,EL05235036002,西宮,兵庫県,西宮市立小松小学校,TRIMBLE ALLOY,TRM159900.00    GSI
950356,EL05235012303,神戸中央,兵庫県,神戸市大倉山公園,TRIMBLE ALLOY,TRM159900.00    GSI
950357,EL05234040103,家島,兵庫県,姫路市Ｂ＆Ｇ海洋センター,TOPCON NETG5,TPSCR.G5        GSI
950358,EL05234070705,明石,兵庫県,明石市立鳥羽小学校,TRIMBLE ALLOY,TRM59800.80     GSI
950359,EL05135609102,淡路,兵庫県,淡路市立岩屋中学校,TOPCON NETG5,TPSCR.G5        GSI
950360,EL05134569803,淡路一宮,兵庫県,淡路市立尾崎小学校,TRIMBLE ALLOY,TPSCR.G5        GSI
950361,EL05134471001,洲本,兵庫県,兵庫県立洲本実業高等学校,TRIMBLE ALLOY,TRM159900.00    GSI
950362,EL05134450802,西淡,兵庫県,南あわじ市立御原中学校,TRIMBLE ALLOY,TRM159900.00    GSI
950363,EL05134256801,南淡,兵庫県,旧阿万中学校校庭,TOPCON NETG5,TRM59800.80     GSI
950364,EL05136608402,室生,奈良県,旧西谷小学校,TRIMBLE ALLOY,TRM59800.80     GSI
950365,EL05135654801,広陵,奈良県,広陵町立真美ヶ丘第一小学校,TRIMBLE ALLOY,TPSCR.G5        GSI
950366,EL05135456602,五條,奈良県,五條市立北宇智小学校,TOPCON NETG5,TPSCR.G5        GSI
950367,EL05135074702,下北山,奈良県,下北山村立下北山中学校,TRIMBLE ALLOY,TRM159900.00    GSI
950368,EL05135320801,打田,和歌山県,紀の川市若もの広場,TRIMBLE ALLOY,TRM159900.00    GSI
950369,EL05135302502,和歌山,和歌山県,和歌山市立少年自然の家,TOPCON NETG5,TRM59800.80     GSI
950370,EL05135246701,高野,和歌山県,高野町立高野山中学校,TRIMBLE ALLOY,TRM159900.00    GSI
950371,EL05035735002,和歌山美山,和歌山県,笠松小学校,TRIMBLE ALLOY,TRM159900.00    GSI
950372,EL05035619402,川辺,和歌山県,御坊市川辺町学校組合立大成中学校,TOPCON NETG5,TRM59800.80     GSI
950373,EL05035567202,本宮,和歌山県,田辺市立本宮小学校,TRIMBLE NETR9,TPSCR.G5        GSI
950374,EL05035544001,中辺路,和歌山県,緑の郷古道ヶ丘,TRIMBLE ALLOY,TRM159900.00    GSI
950375,EL05035439102,田辺,和歌山県,田辺市立会津小学校,NETG3,TPSCR.G5
950376,EL05035370302,那智勝浦,和歌山県,那智勝浦町立下里中学校,TOPCON NETG5,TRM159900.00    GSI
950377,EL05035240701,すさみ１,和歌山県,すさみ町立江住中学校,NETR9,TRM59800.80     GSI
950378,EL05334104301,鹿野,鳥取県,鹿野町運動広場,TRIMBLE ALLOY,TRM59800.80     GSI
950379,EL05333031503,溝口,鳥取県,伯耆町立溝口中学校　寄宿舎「青雲寮」,TOPCON NETG5,TPSCR.G5        GSI
950380,EL05234711801,智頭,鳥取県,智頭町立智頭中学校,TOPCON NETG5,TRM59800.80     GSI
950381,EL05233529402,日南,鳥取県,日南町農林業担い手研修施設イチイ荘,TRIMBLE ALLOY,TRM59800.80     GSI
950382,EL05433314902,五箇,島根県,旧五箇中学校,TRIMBLE ALLOY,TPSCR.G5        GSI
950383,EL05432171802,西ノ島,島根県,西ノ島町立浦郷小学校,TRIMBLE ALLOY,TPSCR.G5        GSI
950384,EL05332057902,出雲,島根県,出雲市立高浜小学校,TRIMBLE ALLOY,TRM159900.00    GSI
950385,EL05232673901,仁多,島根県,三成公園,TOPCON NETG5,TPSCR.G5C       GSI
950386,EL05232642002,大田,島根県,大田市立大田第一中学校,TRIMBLE ALLOY,TPSCR.G5        GSI
950387,EL05232452703,赤来,島根県,飯南町立赤来中学校,TOPCON NETG5,TRM59800.80     GSI
950388,EL05231172301,三隅,島根県,浜田市立岡見小学校,TOPCON NETG5,TRM59800.80     GSI
950389,EL05233761301,中和,岡山県,市営国民宿舎津黒高原荘,TOPCON NETG5,TRM59800.80     GSI
950390,EL05234521501,岡山大原,岡山県,美作市民グラウンド,TRIMBLE ALLOY,TRM59800.80     GSI
950391,EL05234412802,作東,岡山県,バレンタインパーク作東,TOPCON NETG5,TPSCR.G5        GSI
950392,EL05233450802,落合,岡山県,真庭市立木山小学校,TRIMBLE ALLOY,TRM159900.00    GSI
950393,EL05233377602,岡山中央,岡山県,美咲町立加美小学校,TRIMBLE ALLOY,TRM59800.80     GSI
950394,EL05233147701,高梁,岡山県,神原スポーツ公園,TOPCON NETG5,TRM59800.80     GSI
950395,EL05233174402,岡山御津,岡山県,岡山市立御津中学校,TOPCON NETG5,TPSCR.G5        GSI
950396,EL05134718302,邑久,岡山県,東備西播開発有料道路（岡山ブルーライン）P.A.「一本松展望園」,TOPCON NETG5,TRM159900.00    GSI
950397,EL05133562302,倉敷１,岡山県,倉敷市立下津井西小学校,TOPCON NETG5,TRM159900.00    GSI
950398,EL05233303902,西城,広島県,庄原市立西城中学校,TOPCON NETG5,TRM59800.80     GSI
950399,EL05232027201,芸北,広島県,北広島町芸北支所,TOPCON NETG5,TRM59800.80     GSI
950400,EL05232041303,千代田,広島県,北広島町立千代田中学校,TOPCON NETG5,TRM59800.80     GSI
950401,EL05233000802,上下,広島県,府中市山村集落振興施設　矢野文化会館,TOPCON NETG5,TRM59800.80     GSI
950402,EL05132668503,豊栄,広島県,東広島市立豊栄中学校,TRIMBLE ALLOY,TPSCR.G5        GSI
950403,EL05132634701,広島１,広島県,可部運動公園　野球場,TRIMBLE ALLOY,TPSCR.G5        GSI
950404,EL05132629103,戸河内,広島県,道の駅来夢とごうち,5700,TRM29659.00
950405,EL05133405002,三原,広島県,三原運動公園,TRIMBLE NETR9,TPSCR.G5        GSI
950406,EL05132424702,広島２,広島県,学校法人鶴学園　広島工業大学,5700,TRM29659.00
950407,EL05131532301,萩１,山口県,山口福祉文化大学,TRIMBLE ALLOY,TRM159900.00    GSI
950408,EL05130375501,豊北,山口県,下関市豊北総合運動公園,TOPCON NETG5,TRM59800.80     GSI
950409,EL05131344501,阿東,山口県,阿東町立篠目小学校跡地,TRIMBLE NETR9,TPSCR.G5        GSI
950410,EL05131371602,錦,山口県,岩国市立錦中学校,TRIMBLE NETR9,TPSCR.G5        GSI
950411,EL05131222702,美東,山口県,美祢市立綾木小学校,TOPCON NETG5,TRM59800.80     GSI
950412,EL05131046201,防府,山口県,防府市立玉祖小学校,TRIMBLE ALLOY,TRM159900.00    GSI
950413,EL05031727202,宇部,山口県,宇部市立川上中学校,TOPCON NETG5,TRM59800.80     GSI
950414,EL05032707801,柳井,山口県,柳井市立柳井中学校,TOPCON NETG5,TRM59800.80     GSI
950415,EL05134121802,徳島吉野,徳島県,阿波市立柿原小学校,TRIMBLE NETR9,TRM159900.00    GSI
950416,EL05134047402,徳島,徳島県,徳島市立富田中学校,TOPCON NETG5,TRM159900.00    GSI
950417,EL05134006301,美馬,徳島県,美馬市立美馬中学校,TOPCON NETG3,TPSCR.G5        GSI
950418,EL05134014802,山川,徳島県,山川町総合スポーツ運動場,TOPCON NETG5,TPSCR.G5        GSI
950419,EL05033752401,山城,徳島県,三好市塩塚高原ふれあい広場,TOPCON NETG5,TPSCR.G5        GSI
950420,EL05034635102,上勝,徳島県,上勝町旭農村公園,TRIMBLE NETR9,TPSCR.G5        GSI
950421,EL05034605401,一宇,徳島県,剣山スキー場,TRIMBLE ALLOY,TRM159900.00    GSI
950422,EL05034559302,阿南２,徳島県,阿南市立椿保育所,TOPCON NETG5,TRM159900.00    GSI
950423,EL05034447203,日和佐,徳島県,国土交通省日和佐国道出張所,TRIMBLE ALLOY,TRM159900.00    GSI
950424,EL05034324903,徳島海南,徳島県,南阿波ピクニック公園,TOPCON NETG5,TRM159900.00    GSI
950425,EL05134526502,内海,香川県,内海総合運動公園,TOPCON NETG5,TRM159900.00    GSI
950426,EL05134310902,香川大川,香川県,大川町みろく自然公園,TRIMBLE ALLOY,TRM159900.00    GSI
950427,EL05133256701,三野,香川県,三豊市立大見小学校,TOPCON NETG5,TRM159900.00    GSI
950428,EL05133058102,豊浜,香川県,観音寺市南部多目的集会場,TOPCON NETG5,TRM59800.80     GSI
950429,EL05133179401,琴南,香川県,まんのう町交通公園,TRIMBLE ALLOY,TRM159900.00    GSI
950430,EL05132079902,今治,愛媛県,大新田公園,NETG3,TPSCR.G5        GSI
950431,EL05033742302,伊予三島,愛媛県,四国中央市翠波高原,TRIMBLE ALLOY,TRM159900.00    GSI
950432,EL05033710602,西条,愛媛県,西条市立玉津小学校,NETR9,TRM59800.80     GSI
950433,EL05032575201,愛媛川内,愛媛県,南方東公園,TRIMBLE ALLOY,TRM159900.00    GSI
950434,EL05032456402,伊予,愛媛県,三秋大原コミュニティ施設（三秋集会所）,TOPCON NETG5,TRM59800.80     GSI
950435,EL05032278502,美川,愛媛県,大川嶺牧場,TOPCON NETG5,TRM59800.80     GSI
950436,EL05032153503,肱川,愛媛県,大洲市立肱川風の博物館・歌麿館,TOPCON NETG5,TPSCR.G5C       GSI
950437,EL04932345402,御荘,愛媛県,愛南町立平城小学校,TRIMBLE ALLOY,TRM159900.00    GSI
950438,EL05033552202,大豊,高知県,アルティ300れいほく21世紀センター,NETR9,TRM59800.80     GSI
950439,EL05033368401,香北,高知県,香美市青少年センター,TOPCON NETG5,TRM59800.80     GSI
950440,EL05034302801,馬路,高知県,ヤナセオートキャンプ場,TRIMBLE ALLOY,TPSCR.G5        GSI
950441,EL05034223202,東洋,高知県,東洋町役場,TOPCON NETG5,TRM159900.00    GSI
950442,EL05033270202,安芸,高知県,安芸市立安芸中学校,TRIMBLE ALLOY,TRM159900.00    GSI
950443,EL05033126202,佐川,高知県,高知県畜産試験場,TRIMBLE NETR9,TPSCR.G5        GSI
950444,EL05034101001,高知田野,高知県,田野町ふれあい広場,TOPCON NETG5,TRM159900.00    GSI
950445,EL05033038201,須崎,高知県,横浪こどもの森駐車場,TOPCON NETG5,TRM59800.80     GSI
950446,EL05032077101,檮原,高知県,特別養護老人ホーム「ふじの家」,5700,TRM29659.00
950447,EL04932660302,西土佐,高知県,四万十市立西土佐中学校,TRIMBLE ALLOY,TRM159900.00    GSI
950448,EL04932378902,大方,高知県,黒潮町立南部保育所,TOPCON NETG5,TRM59800.80     GSI
950449,EL04932250602,高知大月,高知県,旧大月町立弘見中学校,TOPCON NETG5,TRM159900.00    GSI
950450,EL05030224003,前原,福岡県,前原市立怡土小学校,TRIMBLE ALLOY,TRM159900.00    GSI
950451,EL05030240101,筑紫野,福岡県,筑紫野市二日市公園,TRIMBLE ALLOY,TPSCR.G5        GSI
950452,EL05030165601,小石原,福岡県,東峰村立小石原小学校,TOPCON NETG5,TRM59800.80     GSI
950453,EL04930644502,八女,福岡県,八女市立南中学校,TOPCON NETG5,TRM59800.80     GSI
950454,EL04930722102,佐賀,佐賀県,佐賀市立鍋島小学校,TRIMBLE ALLOY,TRM159900.00    GSI
950455,EL04930501701,佐賀鹿島,佐賀県,鹿島市立西部中学校,TOPCON NETG5,TRM59800.80     GSI
950456,EL05129738801,上対馬,長崎県,国民宿舎上対馬荘,TRIMBLE ALLOY,TPSCR.G5        GSI
950457,EL05129322401,美津島,長崎県,対馬市立鷄知中学校,TOPCON NETG5,TPSCR.G5        GSI
950458,EL05029459803,石田,長崎県,ふれあいの森広場,TRIMBLE ALLOY,TRM59800.80     GSI
950459,EL05029043202,平戸,長崎県,ライフカントリー平戸市総合運動公園,TOPCON NETG5,TRM59800.80     GSI
950460,EL04929457501,西海,長崎県,西海市西海北運動場,TOPCON NETG5,TPSCR.G5        GSI
950461,EL04930224102,長崎国見,長崎県,雲仙市立神代小学校,TRIMBLE ALLOY,TPSCR.G5        GSI
950462,EL04928060701,福江,長崎県,五島市建設課維持係資材置場,TRIMBLE ALLOY,TPSCR.G5        GSI
950463,EL04830716202,加津佐,長崎県,南島原市立野田小学校,TRIMBLE ALLOY,TRM159900.00    GSI
950464,EL04930342301,玉名,熊本県,玉名市立玉名中学校,TOPCON NETG5,TRM59800.80     GSI
950465,EL04930261102,熊本,熊本県,学校法人九州測量専門学校,TRIMBLE ALLOY,TPSCR.G5        GSI
950466,EL04931008702,清和,熊本県,清和高原天文台,TRIMBLE ALLOY,TRM159900.00    GSI
950467,EL04829379802,天草,熊本県,天草市大江農村広場,TOPCON NETG5,TRM59800.80     GSI
950468,EL04830345002,芦北,熊本県,芦北町立佐敷中学校,TOPCON NETG5,TRM59800.80     GSI
950469,EL04830268402,熊本相良,熊本県,相良村村有地,TRIMBLE ALLOY,TRM159900.00    GSI
950470,EL05031440501,大分国見,大分県,国東市立竹田津小学校,TOPCON NETG5,TRM59800.80     GSI
950471,EL05031119302,本耶馬渓,大分県,禅海ふれあい広場,TRIMBLE ALLOY,TPSCR.G5        GSI
950472,EL04931720702,湯布院,大分県,由布市屋外総合運動場,TOPCON NETG5,TRM159900.00    GSI
950473,EL04931668302,佐賀関,大分県,大分市立こうざき小学校,TRIMBLE ALLOY,TRM159900.00    GSI
950474,EL04931421203,久住,大分県,竹田市立久住中学校,TOPCON NETG5,TRM59800.80     GSI
950475,EL04931348702,大分三重,大分県,豊後大野市総合競技場,TRIMBLE ALLOY,TPSCR.G5        GSI
950476,EL04931064001,北川,宮崎県,北川町鏡山牧場,TOPCON NETG5,TRM59800.80     GSI
950477,EL04931022603,日之影,宮崎県,日之影町立高巣野小学校,TOPCON NETG5,TRM59800.80     GSI
950478,EL04831514101,椎葉,宮崎県,椎葉村総合運動公園,TRIMBLE ALLOY,TPSCR.G5        GSI
950479,EL04831219401,西米良,宮崎県,天包高原広場,TOPCON NETG5,TRM59800.80     GSI
950480,EL04831240102,川南,宮崎県,川南町立国光原中学校,TRIMBLE ALLOY,TPSCR.G5        GSI
950481,EL04731705601,野尻,宮崎県,野尻町農村環境改善センター,TOPCON NETG5,TRM59800.80     GSI
950482,EL04731408101,都城,宮崎県,横市市民広場,TOPCON NETG5,TRM59800.80     GSI
950483,EL04731421901,北郷,宮崎県,北郷町農村公園,TOPCON NETG5,TRM59800.80     GSI
950484,EL04731116701,串間１,宮崎県,串間市総合運動公園,TRIMBLE ALLOY,TPSCR.G5        GSI
950485,EL04830046701,鹿児島大口,鹿児島県,大口市文化会館,TOPCON NETG5,TRM159900.00    GSI
950486,EL04730662001,牧園,鹿児島県,牧園総合支所,TRIMBLE ALLOY,TRM159900.00    GSI
950487,EL04729562302,鹿児島鹿島,鹿児島県,鹿島村蘭牟田村有地,TRIMBLE ALLOY,TRM159900.00    GSI
950488,EL04730426203,串木野,鹿児島県,いちき串木野市立串木野小学校,TRIMBLE ALLOY,TPSCR.G5        GSI
950489,EL04730364601,鹿児島福山,鹿児島県,霧島市福地地区体育館,TRIMBLE ALLOY,TRM59800.80     GSI
950490,EL04630658102,指宿,鹿児島県,指宿西公園,TOPCON NETG5,TRM59800.80     GSI
950491,EL04630552702,佐多,鹿児島県,南大隅町さたでいランド,TOPCON NETG5,TRM59800.80     GSI
950492,EL04530673701,中種子,鹿児島県,中種子中央運動公園,TRIMBLE ALLOY,TPSCR.G5        GSI
950493,EL04530455103,上屋久１,鹿児島県,上屋久町肉用牛繁殖育成センター,TOPCON NETG5,TPSCR.G5        GSI
950494,EL04229437903,名瀬,鹿児島県,奄美市あかざき公園,TRIMBLE ALLOY,TPSCR.G5        GSI
950495,EL04028433402,与論,鹿児島県,与論町立与論中学校,TRIMBLE ALLOY,TRM159900.00    GSI
950496,EL04027073101,本部,沖縄県,本部町立上本部中学校,TRIMBLE ALLOY,TRM159900.00    GSI
950497,EL03831519801,南大東,沖縄県,南大東村ひかり公園,TRIMBLE ALLOY,TPSCR.G5        GSI
950498,EL03725120902,城辺,沖縄県,宮古島市いこいの森,TRIMBLE ALLOY,TRM159900.00    GSI
950499,EL03622574502,与那国,沖縄県,与那国町立久部良中学校,NetR9,TRM59800.80     GSI
950500,EL03623561301,西表島,沖縄県,竹富町立うえはら幼稚園,TOPCON NETG5,TRM59800.80     GSI
95105,EL05239414303,初島,静岡県,初島公園,TOPCON NETG5,TPSCR.G5        GSI
95113,EL04939564301,八丈,東京都,八丈町富士野球場,TRIMBLE ALLOY,TRM159900.00    GSI
960501,EL06741516302,利尻,北海道,久連自治会館,TRIMBLE ALLOY,TRM159900.00    GSI
960502,EL06642679701,雄武,北海道,雄武町テニスコート,TOPCON NETG5,TRM59800.80     GSI
960503,EL06643246902,湧別,北海道,湧別町総合体育館,TOPCON NETG5,TRM159900.00    GSI
960504,EL06643203601,滝上,北海道,滝上町役場,TOPCON NETG5,TRM59800.80     GSI
960505,EL06544728302,網走,北海道,網走市立南小学校,TOPCON NETG5,TRM59800.80     GSI
960506,EL06542649601,愛別,北海道,愛別町立愛別小学校,TOPCON NETG5,TRM59800.80     GSI
960507,EL06544509902,美幌,北海道,ひがしまち公園,TRIMBLE ALLOY,TRM159900.00    GSI
960508,EL06542438203,旭川,北海道,旭川市立東光小学校,TOPCON NETG5,TPSCR.G5        GSI
960509,EL06541468901,北竜,北海道,北竜町Ｂ＆Ｇ海洋センター,TOPCON NETG5,TRM59800.80     GSI
960510,EL06542572202,上川,北海道,層雲峡青少年旅行村,TRIMBLE ALLOY,TRM159900.00    GSI
960511,EL06543440601,置戸,北海道,置戸町排雪センター,TRIMBLE ALLOY,TRM59800.80     GSI
960512,EL06445627002,根室３,北海道,根室市立厚床中学校,TOPCON NETG5,TRM59800.80     GSI
960513,EL06544102602,阿寒２,北海道,釧路市立阿寒湖中学校,TRIMBLE ALLOY,TRM59800.80     GSI
960514,EL06542030101,富良野,北海道,富良野市立扇山小学校,TOPCON NETG5,TRM159900.00    GSI
960515,EL06444746701,標茶,北海道,駒ヶ丘総合公園,TOPCON NETG5,TPSCR.G5        GSI
960516,EL06441679101,三笠,北海道,三笠運動公園,TRIMBLE ALLOY,TRM159900.00    GSI
960517,EL06440665802,小樽２,北海道,忍路漁港,TRIMBLE ALLOY,TRM159900.00    GSI
960518,EL06442569402,新得,北海道,新得町総合体育館（サホロアリーナ）,TOPCON NETG5,TRM59800.80     GSI
960519,EL06445643103,根室４,北海道,根室市立落石小学校,TOPCON NETG5,TPSCR.G5        GSI
960520,EL06441449301,江別,北海道,江別市立野幌中学校,TRIMBLE ALLOY,TRM159900.00    GSI
960521,EL06443312301,帯広,北海道,あづさ公園,TOPCON NETG5,TRM159900.00    GSI
960522,EL06441246602,恵庭,北海道,恵庭市立恵庭小学校,TRIMBLE ALLOY,TPSCR.G5        GSI
960523,EL06441132202,千歳,北海道,千歳市立支笏湖小学校,TOPCON NETG5,TPSCR.G5        GSI
960524,EL06340677101,壮瞥,北海道,壮瞥町道の駅　そうべつサムズ,5700,TRM29659.00
960525,EL06340666103,虻田,北海道,洞爺湖町立虻田小学校,TOPCON NETG5,TRM59800.80     GSI
960526,EL06340576001,伊達,北海道,伊達市市民プール,TRIMBLE ALLOY,TPSCR.G5        GSI
960527,EL06339037502,奥尻２,北海道,奥尻町総合研修センター,TRIMBLE ALLOY,TRM159900.00    GSI
960528,EL06340154302,砂原,北海道,ふるさと交流館,TOPCON NETG5,TPSCR.G5        GSI
960529,EL06240757702,七飯,北海道,七飯町立軍川小学校,TRIMBLE ALLOY,TPSCR.G5        GSI
960530,EL06240506502,上ノ国,北海道,洲根子岬灯台,TOPCON NETG5,TRM59800.80     GSI
960531,EL06444357701,釧路町,北海道,釧路町立仙鳳趾小学校（廃校）,TOPCON NETG5,TRM59800.80     GSI
960532,EL06343125503,えりも２,北海道,猿留川,TOPCON NETG5,TPSCR.G5        GSI
960533,EL06241038502,東通,青森県,東通村立尻屋小学校（廃校）,TRIMBLE ALLOY,TRM159900.00    GSI
960534,EL06140632901,今別,青森県,今別町立今別中学校,TOPCON NETG5,TRM59800.80     GSI
960535,EL06140567502,脇野沢,青森県,むつ市立脇野沢小学校,TOPCON NETG5,TPSCR.G5        GSI
960536,EL06140269902,平内,青森県,平内町立土屋小学校,5700,TRM29659.00
960537,EL06141213002,野辺地,青森県,野辺地町立野辺地小学校,TRIMBLE ALLOY,TPSCR.G5        GSI
960538,EL06140044702,浪岡,青森県,青森市立浪岡中学校,TRIMBLE ALLOY,TPSCR.G5        GSI
960539,EL06141031001,三沢,青森県,三沢市木崎野公園,TRIMBLE ALLOY,TRM159900.00    GSI
960540,EL06040734801,弘前,青森県,弘前市立北小学校,TRIMBLE ALLOY,TRM159900.00    GSI
960541,EL06040767402,黒石,青森県,黒石市立大川原小学校沖揚平分校跡地,TRIMBLE ALLOY,TPSCR.G5        GSI
960542,EL06140239601,金木,青森県,金木町芦野グラウンド,TRIMBLE ALLOY,TRM159900.00    GSI
960543,EL05941704502,岩手松尾,岩手県,八幡平市松尾総合支所,TRIMBLE ALLOY,TRM159900.00    GSI
960544,EL05940062102,湯田,岩手県,西和賀町立湯本小学校,TRIMBLE ALLOY,TPSCR.G5        GSI
960545,EL05841228102,岩手川崎,岩手県,川崎村老人ホーム「寿松苑」,5700,TRM29659.00
960546,EL05841547602,住田,岩手県,住田町運動公園,TRIMBLE NETR9,TPSCR.G5        GSI
960547,EL05941351401,川井,岩手県,特別養護老人ホーム「心生苑」多目的広場,TRIMBLE ALLOY,TPSCR.G5        GSI
960548,EL05740665702,色麻,宮城県,色麻町立色麻中学校,NetR9,TRM59800.80     GSI
960549,EL05741511702,矢本,宮城県,東松島市立矢本東小学校,TRIMBLE ALLOY,TPSCR.G5        GSI
960550,EL05741346001,牡鹿,宮城県,石巻市牡鹿清崎総合運動公園,TOPCON NETG5,TRM59800.80     GSI
960551,EL05939666701,男鹿２,秋田県,男鹿市立船川第一小学校,TRIMBLE ALLOY,TPSCR.G5        GSI
960552,EL05940509303,天王,秋田県,潟上市立天王南中学校,TOPCON NETG5,TRM59800.80     GSI
960553,EL05940454801,田沢湖,秋田県,仙北市立生保内中学校,TRIMBLE ALLOY,TRM159900.00    GSI
960554,EL05840643002,湯沢,秋田県,湯沢市立岩崎小学校,TRIMBLE ALLOY,TRM59800.80     GSI
960555,EL05839471402,遊佐,山形県,遊佐町立遊佐中学校,TRIMBLE ALLOY,TRM159900.00    GSI
960556,EL05740529902,村山,山形県,村山市立西郷小学校,TRIMBLE ALLOY,TRM159900.00    GSI
960557,EL05740127101,上山,山形県,上山市立南小学校,TRIMBLE ALLOY,TRM159900.00    GSI
960558,EL05640578502,相馬２,福島県,相馬市立中村第二中学校,NETG3,TRM29659.00
960559,EL05640313601,猪苗代２,福島県,猪苗代町中ノ沢運動場,TRIMBLE ALLOY,TPSCR.G5        GSI
960560,EL05640324901,二本松,福島県,あだたら高原野営場,TOPCON NETG5,TRM59800.80     GSI
960561,EL05640110001,福島郡山２,福島県,郡山市少年湖畔の村,TRIMBLE ALLOY,TRM159900.00    GSI
960562,EL05540769602,福島川内,福島県,川内第５区生活改善センター,5700,TRM29659.00
960563,EL05539541601,舘岩,福島県,南会津町青少年センター跡,TOPCON NETG5,TRM59800.80     GSI
960564,EL05739036601,黒川,新潟県,胎内市立黒川中学校,TOPCON NETG5,TRM59800.80     GSI
960565,EL05738022901,金井,新潟県,佐渡市立金井中学校,TRIMBLE ALLOY,TRM159900.00    GSI
960566,EL05638254601,出雲崎,新潟県,出雲崎町立出雲崎中学校,TRIMBLE ALLOY,TRM59800.80     GSI
960567,EL05638041101,柏崎２,新潟県,柏崎市立鯨波小学校,TRIMBLE ALLOY,TPSCR.G5        GSI
960568,EL05539708102,守門,新潟県,魚沼市立守門中学校,TOPCON NETG5,TPSCR.G5        GSI
960569,EL05538416902,新井,新潟県,妙高市立斐太北小学校,TRIMBLE ALLOY,TRM159900.00    GSI
960570,EL05537374102,糸魚川２,新潟県,旧根知小学校,TRIMBLE ALLOY,TRM159900.00    GSI
960571,EL05639500501,小須戸,新潟県,新潟市立小須戸中学校,TRIMBLE ALLOY,TRM159900.00    GSI
960572,EL05537028902,滑川,富山県,滑川市立南部小学校,TRIMBLE ALLOY,TPSCR.G5        GSI
960573,EL05437707202,砺波,富山県,砺波海洋センターマリーナ（駐車場）,TRIMBLE ALLOY,TPSCR.G5        GSI
960574,EL05537716101,能都,石川県,能登町立武道場「雄志館」,TRIMBLE ALLOY,TPSCR.G5        GSI
960575,EL05536558701,富来,石川県,志賀町立富来小学校,TRIMBLE NETR9,TPSCR.G5        GSI
960576,EL05536574902,能登島,石川県,七尾市立能登島グラウンド,TOPCON NETG5,TRM59800.80     GSI
960577,EL05536168002,押水,石川県,宝達志水町立押水中学校,TRIMBLE ALLOY,TRM59800.80     GSI
960578,EL05436444802,鳥越,石川県,白山市立鳥越小学校（駐車場）,TOPCON NETG5,TPSCR.G5        GSI
960579,EL05336716401,鯖江,福井県,鯖江市立神明小学校,TOPCON NETG5,TRM159900.00    GSI
960580,EL05336600402,河野,福井県,南越前町立河野中学校,TRIMBLE ALLOY,TRM159900.00    GSI
960581,EL05540039901,里美,茨城県,里美運動公園,TOPCON NETG5,TPSCR.G5C       GSI
960582,EL05439376901,下館,茨城県,筑西市立養蚕小学校,TRIMBLE ALLOY,TRM159900.00    GSI
960583,EL05439173401,石下,茨城県,常総市立飯沼小学校,TRIMBLE NETR9,TPSCR.G5        GSI
960584,EL05440013601,阿見,茨城県,阿見町立阿見第二小学校,TOPCON NETG5,TPSCR.G5        GSI
960585,EL05540314301,那須,栃木県,那須町伊王野山村ひろば,TOPCON NETG5,TRM59800.80     GSI
960586,EL05539367402,塩原,栃木県,那須塩原市立塩原中学校,TRIMBLE ALLOY,TRM159900.00    GSI
960587,EL05539163803,塩谷,栃木県,塩谷町立玉生小学校,TRIMBLE ALLOY,TRM159900.00    GSI
960588,EL05540013202,烏山,栃木県,那須烏山市立七合小学校,TOPCON NETG5,TRM59800.80     GSI
960589,EL05439734901,足尾,栃木県,日光市横根山園地,TOPCON NETG5,TRM59800.80     GSI
960590,EL05440615402,茂木,栃木県,茂木町立並松運動公園,TRIMBLE ALLOY,TPSCR.G5        GSI
960591,EL05438743702,草津,群馬県,草津町立草津小学校,TRIMBLE ALLOY,TRM159900.00    GSI
960592,EL05439208501,藤岡,群馬県,ふじの咲く丘,TRIMBLE ALLOY,TRM59800.80     GSI
960593,EL05438177202,万場,群馬県,みかぼ高原荘,TRIMBLE ALLOY,TPSCR.G5        GSI
960594,EL05239131401,大島３,東京都,大島公園,TOPCON NETG5,TPSCR.G5        GSI
960595,EL05239028803,大島４,東京都,大島町椿公園,TOPCON NETG5,TPSCR.G5        GSI
960596,EL05139622103,利島,東京都,利島村清掃センター,TRIMBLE ALLOY,TRM159900.00    GSI
960597,EL05139319602,式根島,東京都,式根島スポーツ広場,TRIMBLE ALLOY,TRM159900.00    GSI
960598,EL05139218102,神津島２,東京都,名組湾赤崎トンネル入口,TOPCON NETG5,TPSCR.G5        GSI
960599,EL05139141401,三宅３,東京都,三七山スポーツ公園,TRIMBLE ALLOY,TPSCR.G5        GSI
960600,EL05139039802,三宅４,東京都,三宅村立阿古小学校,TRIMBLE ALLOY,TPSCR.G5        GSI
960601,EL05039646902,御蔵島,東京都,村道島分線終点駐車場,TOPCON NETG5,TRM59800.80     GSI
960602,EL04839565101,青ヶ島,東京都,向沢取水場,TOPCON NETG5,TPSCR.G5        GSI
960603,EL03942716302,母島,東京都,評議平運動場,TRIMBLE ALLOY,TPSCR.G5        GSI
960604,EL03741123503,硫黄島１,東京都,海上自衛隊硫黄島航空基地,TRIMBLE ALLOY,TRM59800.80     GSI
960605,EL03741120302,硫黄島２,東京都,国有林,TRIMBLE ALLOY,TRM59800.80     GSI
960606,EL05338357501,山梨一宮,山梨県,笛吹市いちのみや桃の里スポーツ公園,TOPCON NETG5,TPSCR.G5        GSI
960607,EL05339201201,道志,山梨県,道志村林間広場,TRIMBLE ALLOY,TRM59800.80     GSI
960608,EL05437278802,松本,長野県,松本市立清水中学校,TOPCON NETG5,TPSCR.G5        GSI
960609,EL05437267902,梓川,長野県,松本市立梓川小学校,TOPCON NETG5,TRM159900.00    GSI
960610,EL05438334901,佐久,長野県,佐久市立平根小学校,TRIMBLE ALLOY,TRM159900.00    GSI
960611,EL05437150402,奈川,長野県,奈川村農村公園,TOPCON NETG5,TPSCR.G5C       GSI
960612,EL05438013703,茅野,長野県,茅野市立北部中学校,TRIMBLE ALLOY,TRM59800.80     GSI
960613,EL05338746601,川上,長野県,川上村農村総合文化センター,TRIMBLE ALLOY,TPSCR.G5        GSI
960614,EL05337645701,三岳,長野県,木曽町北部分館前共有地,TRIMBLE ALLOY,TRM159900.00    GSI
960615,EL05337477801,駒ヶ根,長野県,駒ヶ根市立中沢小学校,TRIMBLE ALLOY,TRM159900.00    GSI
960616,EL05337051402,浪合,長野県,阿智村村有地（通称：馬の背）,TOPCON NETG5,TRM59800.80     GSI
960617,EL05436371201,大野白川,岐阜県,白川村防災グランド,TOPCON NETG5,TRM59800.80     GSI
960618,EL05437324901,上宝,岐阜県,高山市立北稜中学校,TRIMBLE ALLOY,TRM59800.80     GSI
960619,EL05337619602,萩原,岐阜県,下呂市立萩原北中学校,TRIMBLE ALLOY,TRM159900.00    GSI
960620,EL05238262201,賀茂,静岡県,西伊豆町営宇久須キャンプ場,TOPCON NETG5,TRM159900.00    GSI
960621,EL05238674402,裾野２,静岡県,裾野市立深良中学校,TRIMBLE ALLOY,TRM159900.00    GSI
960622,EL05238001702,小笠,静岡県,菊川市立小笠南幼稚園,TOPCON NETG5,TPSCR.G5        GSI
960623,EL05238011401,静岡相良２,静岡県,静岡県相良地殻変動観測施設,TOPCON NETG5,TPSCR.G5        GSI
960624,EL05138709302,大東２,静岡県,掛川市立大浜中学校,TOPCON NETG5,TPSCR.G5        GSI
960625,EL05138716202,浜岡２,静岡県,御前崎市立浜岡東小学校,TOPCON NETG5,TRM59800.80     GSI
960626,EL05238475202,沼津,静岡県,沼津市立静浦東小学校,TOPCON NETG5,TRM159900.00    GSI
960627,EL05440102605,つくば３,茨城県,国土交通省国土地理院,TRIMBLE ALLOY,TRM59800.80     GSI
960628,EL05238073501,下田,静岡県,下田市立稲生沢中学校,TOPCON NETG5,TPSCR.G5        GSI
960629,EL05237608502,瀬戸,愛知県,瀬戸市立西陵小学校,TRIMBLE ALLOY,TRM159900.00    GSI
960630,EL05236670702,名古屋,愛知県,名古屋地方気象台,TOPCON NETG5,TRM159900.00    GSI
960631,EL05236368902,知多,愛知県,知多市立新知小学校,TRIMBLE ALLOY,TRM159900.00    GSI
960632,EL05236268602,常滑２,愛知県,常滑市立鬼崎南小学校,TOPCON NETG5,TRM59800.80     GSI
960633,EL05236456502,桑名,三重県,江場ポンプ場,TRIMBLE ALLOY,TRM159900.00    GSI
960634,EL05236232102,関,三重県,亀山市立関小学校,TRIMBLE ALLOY,TRM159900.00    GSI
960635,EL05136727602,白山,三重県,八ッ山小学校跡地,TRIMBLE ALLOY,TRM159900.00    GSI
960636,EL05136551001,度会,三重県,宮リバー度会パーク,TRIMBLE ALLOY,TPSCR.G5        GSI
960637,EL05136224702,紀伊長島,三重県,紀北町立東小学校,TRIMBLE ALLOY,TRM159900.00    GSI
960638,EL05336120101,虎姫,滋賀県,虎姫町立虎姫小学校,TOPCON NETG5,TRM159900.00    GSI
960639,EL05236500301,野洲,滋賀県,野洲市立祇王小学校,TOPCON NETG5,TRM59800.80     GSI
960640,EL05335402202,網野,京都府,京丹後市立網野中学校,TOPCON NETG5,TPSCR.G5        GSI
960641,EL05335137301,舞鶴,京都府,舞鶴市泉源寺公園,TRIMBLE ALLOY,TRM59800.80     GSI
960642,EL05235743302,京都美山,京都府,南丹市立美山中学校,TRIMBLE ALLOY,TRM159900.00    GSI
960643,EL05235466102,京都左京２,京都府,京都市立宝ヶ池公園,TOPCON NETG5,TPSCR.G5        GSI
960644,EL05235364102,京都伏見,京都府,国立京都教育大学,TRIMBLE ALLOY,TPSCR.G5        GSI
960645,EL05334354402,香住,兵庫県,香美町立奥佐津小学校,TRIMBLE ALLOY,TRM159900.00    GSI
960646,EL05334155801,兵庫日高,兵庫県,植村直己記念スポーツ公園,TRIMBLE ALLOY,TRM59800.80     GSI
960647,EL05235608102,青垣,兵庫県,青垣総合運動公園（グリーンベル青垣）,TOPCON NETG5,TRM59800.80     GSI
960648,EL05234569102,生野,兵庫県,栃原運動広場（林業者等健康増進施設）,TRIMBLE ALLOY,TRM59800.80     GSI
960649,EL05234372502,滝野,兵庫県,加東市滝野公民館（滝野情報交流館）,TRIMBLE NETR9,TRM159900.00    GSI
960650,EL05135347201,かつらぎ,和歌山県,和歌山県立紀北農芸高等学校,TOPCON NETG5,TRM59800.80     GSI
960651,EL05135130403,和歌山清水,和歌山県,有田川町清水行政局,5700,TRM29659.00
960652,EL05135013301,広川,和歌山県,広川町営Ｂ＆Ｇ海洋センター,TRIMBLE ALLOY,TRM159900.00    GSI
960653,EL05035236901,すさみ２,和歌山県,すさみ町立周参見保育所,TRIMBLE ALLOY,TRM159900.00    GSI
960654,EL05333122702,米子,鳥取県,気象庁米子測候所,5700,TRM29659.00
960655,EL05334023602,八東,鳥取県,八頭町立八東小学校,TRIMBLE ALLOY,TPSCR.G5        GSI
960656,EL05333217102,美保関,島根県,旧松江市立千酌小学校,TOPCON NETG5,TRM59800.80     GSI
960657,EL05232237601,石見,島根県,邑南町立石見中学校,TRIMBLE NETR9,TPSCR.G5        GSI
960658,EL05132608101,匹見,島根県,益田市立匹見小学校,TOPCON NETG5,TPSCR.G5        GSI
960659,EL05131562902,柿木,島根県,吉賀町立柿木小学校,TRIMBLE ALLOY,TPSCR.G5        GSI
960660,EL05233640502,岡山新庄,岡山県,新庄村総合運動公園,TRIMBLE ALLOY,TPSCR.G5        GSI
960661,,岡山加茂,岡山県,加茂町福祉センター,GP-R1DY,TOP700779A
960662,EL05233339102,神郷,岡山県,新見市立神代保育園,TRIMBLE ALLOY,TPSCR.G5        GSI
960663,EL05232167802,三次,広島県,三次市寺戸浄水場,TOPCON NETG5,TRM159900.00    GSI
960664,EL05233123702,豊松,広島県,陽光の里健康広場,TRIMBLE ALLOY,TPSCR.G5        GSI
960665,EL05132414501,広島佐伯,広島県,佐伯総合スポーツ公園,TRIMBLE ALLOY,TRM159900.00    GSI
960666,EL05132331602,江田島,広島県,石風呂児童公園,TRIMBLE ALLOY,TPSCR.G5        GSI
960667,EL05132275001,木江,広島県,大崎上島町立木江幼稚園,TRIMBLE ALLOY,TRM159900.00    GSI
960668,EL05231111202,萩２,山口県,萩市立見島小学校,TOPCON NETG5,TRM59800.80     GSI
960669,EL05131411403,長門,山口県,小河内公園,TRIMBLE NETR9,TPSCR.G5        GSI
960670,EL05131201502,山口豊田,山口県,下関市立豊田下小学校,TOPCON NETG5,TPSCR.G5        GSI
960671,EL05131064603,徳山,山口県,周南市周南緑地公園,5700,TRM29659.00
960672,EL05032629802,東和,山口県,周防大島町立東和図書館,TOPCON NETG5,TRM59800.80     GSI
960673,EL05134240802,鳴門,徳島県,鳴門市立第一中学校,TOPCON NETG5,TRM159900.00    GSI
960674,EL05133064902,三好,徳島県,東みよし市立給食センター,TRIMBLE NETR9,TPSCR.G5        GSI
960675,EL05034524401,上那賀,徳島県,徳島県立那賀高等学校　平谷分校,TRIMBLE ALLOY,TRM159900.00    GSI
960676,EL05133573902,直島,香川県,直島町ふるさと海の家「つつじ荘」,TOPCON NETG5,TPSCR.G5        GSI
960677,EL05133466202,丸亀,香川県,丸亀市本島公民館,TOPCON NETG5,TRM59800.80     GSI
960678,EL05133310502,弓削,愛媛県,立花様私有地（旧佐島小学校横）,TRIMBLE ALLOY,TPSCR.G5        GSI
960679,EL05032765201,北条,愛媛県,河野別府公園（松山市文化の森公園）,TOPCON NETG5,TPSCR.G5        GSI
960680,EL05032333802,長浜,愛媛県,肱川あらし展望公園,TOPCON NETG5,TPSCR.G5        GSI
960681,EL04932641302,宇和島,愛媛県,宇和島市環境センター,TOPCON NETG5,TRM59800.80     GSI
960682,EL05033538604,高知大川,高知県,（社）大川村ふるさとむら公社,4000SSI,TRM23903.00
960683,EL04933719802,中土佐２,高知県,中土佐ふれあい広場,TOPCON NETG5,TPSCR.G5        GSI
960684,EL04933615002,窪川,高知県,四万十町立窪川中学校,TOPCON NETG5,TRM59800.80     GSI
960685,EL05030459901,直方,福岡県,直方市頓野公園,TRIMBLE ALLOY,TPSCR.G5        GSI
960686,EL05031403102,行橋,福岡県,行橋市立仲津中学校,TRIMBLE ALLOY,TRM159900.00    GSI
960687,EL05030366501,田川,福岡県,田川市成道寺公園,TRIMBLE ALLOY,TPSCR.G5        GSI
960688,EL04930759602,田主丸,福岡県,久留米市立水縄小学校,TRIMBLE ALLOY,TPSCR.G5        GSI
960689,EL04929673501,山内,佐賀県,武雄市中央公園,TRIMBLE ALLOY,TPSCR.G5        GSI
960690,EL04929751501,吉井,長崎県,吉井町ゲートボール場,TRIMBLE ALLOY,TPSCR.G5        GSI
960691,EL04929710001,宇久,長崎県,佐世保市総合センター,TRIMBLE ALLOY,TPSCR.G5        GSI
960692,EL04929206202,若松,長崎県,若松中学校バス待合所付近町有地,TOPCON NETG5,TPSCR.G5        GSI
960693,EL04930115302,愛野,長崎県,雲仙市市有地,TOPCON NETG5,TRM59800.80     GSI
960694,EL04930125602,島原,長崎県,島原市営杉谷運動広場,TOPCON NETG5,TPSCR.G5C       GSI
960695,EL04930015702,小浜,長崎県,丸尾斎苑,TRIMBLE ALLOY,TPSCR.G5        GSI
960696,EL04930026802,深江,長崎県,南島原市柔剣道場,TRIMBLE ALLOY,TPSCR.G5        GSI
960697,EL04830729302,西有家,長崎県,飛町児童公園,TOPCON NETG5,TRM59800.80     GSI
960698,EL04828746901,玉之浦,長崎県,五島市　玉之浦支所,TRIMBLE ALLOY,TPSCR.G5        GSI
960699,EL04931504501,熊本小国,熊本県,ゆうステーション前広場,TRIMBLE ALLOY,TPSCR.G5        GSI
960700,EL04930451903,鹿本,熊本県,一本松公園,TOPCON NETG5,TPSCR.G5        GSI
960701,EL04930274901,長陽,熊本県,南阿蘇村長陽運動公園,TOPCON NETG5,TRM59800.80     GSI
960702,EL04830669302,泉,熊本県,泉町平集会場,TOPCON NETG5,TRM59800.80     GSI
960703,EL04931304702,阿蘇,熊本県,旧役犬原小学校,TOPCON NETG5,TRM159900.00    GSI
960704,EL04931211001,高森,熊本県,高森町立色見保育園,TRIMBLE ALLOY,TPSCR.G5        GSI
960705,EL05031224802,宇佐,大分県,宇佐市総合運動場,TRIMBLE ALLOY,TPSCR.G5        GSI
960706,EL05031041701,日出,大分県,大神漁港,TRIMBLE ALLOY,TRM159900.00    GSI
960707,EL04931702902,玖珠,大分県,玖珠町立小田小学校,TRIMBLE ALLOY,TRM159900.00    GSI
960708,EL04931439002,直入,大分県,直入町竹田直入森林組合入口町有地,5700,TRM29659.00
960709,EL04931647603,大分,大分県,虹ヶ丘西児童公園,TOPCON NETG5,TRM159900.00    GSI
960710,EL04930672301,前津江,大分県,日田市林間広場管理棟,TRIMBLE ALLOY,TRM59800.80     GSI
960711,EL04831646202,北方,宮崎県,北方総合運動公園,TOPCON NETG5,TPSCR.G5C       GSI
960712,EL04831426602,宮崎南郷,宮崎県,美郷町立南郷中学校,TRIMBLE ALLOY,TRM159900.00    GSI
960713,EL04831038803,新富,宮崎県,新富町弓道場,TOPCON NETG5,TRM59800.80     GSI
960714,EL04830065902,えびの,宮崎県,えびの市立飯野小学校,TOPCON NETG5,TRM59800.80     GSI
960715,EL04731621403,宮崎田野,宮崎県,宮崎市Ｂ＆Ｇ田野海洋センター,TRIMBLE ALLOY,TRM159900.00    GSI
960716,EL04731027401,串間２,宮崎県,串間市立都井小学校,TRIMBLE ALLOY,TRM159900.00    GSI
960717,EL04830213401,東,鹿児島県,特別養護老人ホーム「桃源郷」,TRIMBLE ALLOY,TPSCR.G5        GSI
960718,EL04730639503,宮之城,鹿児島県,さつま町宗功寺公園,TRIMBLE ALLOY,TPSCR.G5        GSI
960719,EL04730354202,桜島,鹿児島県,桜島松浦町運動広場,TRIMBLE ALLOY,TRM159900.00    GSI
960720,EL04730351602,鹿児島２,鹿児島県,鹿児島市黒神校区公民館,TOPCON NETG5,TPSCR.G5C       GSI
960721,EL04730256001,鹿児島３,鹿児島県,鹿児島市水道局東桜島事務所,TRIMBLE ALLOY,TPSCR.G5        GSI
960722,EL04730159502,垂水,鹿児島県,垂水市下福町団地公園,TRIMBLE ALLOY,TRM159900.00    GSI
960723,EL04630124101,鹿児島三島,鹿児島県,硫黄島城ヶ原牧場,TOPCON NETG5,TPSCR.G5        GSI
960724,EL04631100202,西之表,鹿児島県,西之表市西京浄水場,TOPCON NETG5,TPSCR.G5        GSI
960725,EL04530515502,口永良部島,鹿児島県,口永良部島前田待避所,TRIMBLE ALLOY,TRM159900.00    GSI
960726,EL04530477202,南種子,鹿児島県,南種子町宇宙ヶ丘公園,TRIMBLE ALLOY,TPSCR.G5        GSI
960727,EL04530437301,上屋久２,鹿児島県,上屋久町立永田中学校,TOPCON NETG5,TPSCR.G5        GSI
960728,EL04530248402,屋久,鹿児島県,尾之間むらづくり墓地公園,TRIMBLE ALLOY,TPSCR.G5        GSI
960729,EL04429353602,十島,鹿児島県,諏訪之瀬島榊戸原牧場,TOPCON NETG5,TRM59800.80     GSI
960730,EL04229558501,笠利,鹿児島県,奄美市立笠利小学校,TOPCON NETG5,TPSCR.G5        GSI
960731,EL04230404203,喜界１,鹿児島県,喜界町有機物供給センター,TRIMBLE ALLOY,TPSCR.G5        GSI
960732,EL04229375302,喜界２,鹿児島県,喜界町荒木グラウンド,TOPCON NETG5,TPSCR.G5        GSI
960733,EL04229126502,瀬戸内,鹿児島県,瀬戸内町立図書館・郷土館,TOPCON NETG5,TPSCR.G5        GSI
960734,EL04128577101,鹿児島天城,鹿児島県,天城町立中央公民館,TOPCON NETG3,TPSCR.G5        GSI
960735,EL04128058201,和泊,鹿児島県,和泊町立和泊小学校,TRIMBLE ALLOY,TRM159900.00    GSI
960736,EL04027373502,伊是名,沖縄県,内花配水池内村有地,TOPCON NETG5,TRM59800.80     GSI
960737,EL04028213901,国頭,沖縄県,国頭村立北国小・中学校,TRIMBLE ALLOY,TRM59800.80     GSI
960738,EL04028014101,大宜味,沖縄県,農村環境改善センター,TOPCON NETG5,TRM159900.00    GSI
960739,EL03927619802,粟国,沖縄県,粟国村立粟国小・中学校,TRIMBLE ALLOY,TRM159900.00    GSI
960740,EL03927577701,宜野座,沖縄県,農村公園,TOPCON NETG5,TRM59800.80     GSI
960741,EL03927563603,沖縄石川,沖縄県,石川市民の森公園,TRIMBLE ALLOY,TRM59800.80     GSI
960742,EL03927414101,渡名喜,沖縄県,渡名喜村立渡名喜幼稚園,TRIMBLE ALLOY,TRM159900.00    GSI
960743,EL03926451901,具志川,沖縄県,久米島町立清水小学校,TRIMBLE ALLOY,TRM59800.80     GSI
960744,EL03927221702,渡嘉敷,沖縄県,森林公園,TOPCON NETG5,TRM59800.80     GSI
960745,EL03927260602,知念,沖縄県,南城市社会福祉センター,TRIMBLE ALLOY,TRM159900.00    GSI
960746,EL03831724303,北大東,沖縄県,黒部地区貯水池,TOPCON NETG5,TRM59800.80     GSI
960747,EL03725119301,伊良部,沖縄県,宮古島市立伊良部中学校,TRIMBLE ALLOY,TRM159900.00    GSI
960748,EL03624756501,多良間,沖縄県,宮古市の森公園,TRIMBLE ALLOY,TRM159900.00    GSI
960749,EL03624624402,石垣１,沖縄県,石垣市立あかし幼稚園,TOPCON NETG5,TRM159900.00    GSI
960750,EL03624410302,石垣２,沖縄県,石垣市立平真小学校,TOPCON NETG5,TRM59800.80     GSI
960751,EL03623067303,波照間島,沖縄県,波照間地区完工記念碑,TOPCON NETG5,TRM59800.80     GSI
960752,EL05439604401,赤城,群馬県,渋川市赤城総合運動自然公園,TRIMBLE ALLOY,TRM159900.00    GSI
960753,EL05439020102,都幾川,埼玉県,ときがわ町立都幾川中学校,TRIMBLE ALLOY,TRM59800.80     GSI
960754,EL05339616401,名栗,埼玉県,名栗スポーツ広場,TRIMBLE ALLOY,TRM59800.80     GSI
960755,EL05339526901,入間,埼玉県,入間市博物館,TOPCON NETG5,TPSCR.G5        GSI
960756,EL05240714901,大多喜,千葉県,大多喜町立大多喜中学校,TOPCON NETG5,TPSCR.G5        GSI
960757,EL05841513605,水沢２,岩手県,水沢測地観測所,5700,TRM29659.00
960758,EL05339323902,八王子,東京都,八王子市立上柚木小学校,TOPCON NETG5,TRM59800.80     GSI
960759,EL05239549902,三浦２,神奈川県,東京大学三崎臨海実験所,TOPCON NETG5,TRM59800.80     GSI
960760,EL05235265302,宇治,京都府,宇治市立神明小学校,TRIMBLE ALLOY,TRM159900.00    GSI
960761,EL05135744902,八尾,大阪府,八尾市立南山本小学校,TRIMBLE ALLOY,TRM159900.00    GSI
960762,EL05234253202,姫路,兵庫県,姫路市立御立交通公園,TOPCON NETG5,TRM159900.00    GSI
960763,EL05235053602,生駒,奈良県,生駒市立桜ヶ丘小学校,TOPCON NETG5,TPSCR.G5        GSI
960764,EL05135668502,天理,奈良県,天理市立長柄運動公園,TOPCON NETG5,TRM59800.80     GSI
960765,EL05234117402,和気,岡山県,和気町立藤野小学校,TRIMBLE ALLOY,TPSCR.G5        GSI
960766,EL05133669003,倉敷２,岡山県,倉敷市立大高小学校,TOPCON NETG5,TRM159900.00    GSI
960767,EL05133524302,広島福山,広島県,広島県立福山少年自然の家,TOPCON NETG5,TRM59800.80     GSI
960768,EL05132460501,安芸津,広島県,広島県立総合技術研究所　農業技術センター果樹研究部,TOPCON NETG5,TPSCR.G5        GSI
960769,EL05132212702,和木,山口県,和木町蜂ヶ峯総合公園(バラ園),TOPCON NETG5,TPSCR.G5        GSI
960770,EL05029074601,北波多,佐賀県,岸山工業団地入口,TOPCON NETG5,TRM59800.80     GSI
960771,EL05030031502,中原,佐賀県,中原保健センター,TRIMBLE ALLOY,TRM159900.00    GSI
960772,EL04929373903,大村,長崎県,琴平岳展望所,TRIMBLE ALLOY,TPSCR.G5        GSI
960773,EL04830639402,大矢野,熊本県,上天草市立大矢野中学校,TRIMBLE ALLOY,TPSCR.G5        GSI
960774,EL04830602601,苓北,熊本県,苓北町坂瀬川地区総合グラウンド,TRIMBLE ALLOY,TPSCR.G5        GSI
960775,EL04830521501,栖本,熊本県,倉岳駐車場,TRIMBLE ALLOY,TRM59800.80     GSI
960776,EL04730431702,鹿児島郡山,鹿児島県,郡山早馬球技場,TRIMBLE ALLOY,TRM159900.00    GSI
960777,EL04730019002,笠沙,鹿児島県,南さつま市野間池運動場,TRIMBLE ALLOY,TRM59800.80     GSI
970778,EL06741646702,稚内２,北海道,稚内市立夕来小中学校跡地,TRIMBLE ALLOY,TPSCR.G5        GSI
970779,EL06742525801,浜頓別,北海道,浜頓別町ゲートボール場,TRIMBLE ALLOY,TPSCR.G5        GSI
970780,EL06742153702,枝幸２,北海道,枝幸町教員住宅跡地,TOPCON NETG5,TRM59800.80     GSI
970781,EL06641766302,遠別,北海道,旧公民館（町有地）,TRIMBLE ALLOY,TRM159900.00    GSI
970782,EL06642423102,幌加内２,北海道,幌加内町立母子里小中学校跡地,TOPCON NETG5,TRM59800.80     GSI
970783,EL06641157301,小平,北海道,小平町立おにしか更生園,TOPCON NETG5,TPSCR.G5        GSI
970784,EL06544446001,北海道清里,北海道,町有地,TOPCON NETG5,TRM59800.80     GSI
970785,EL06541324901,浜益,北海道,浜益スポーツセンター,TRIMBLE ALLOY,TRM59800.80     GSI
970786,EL06542070502,新得２,北海道,新得町立富村牛小中学校,5700,TRM29659.00
970787,EL06542151101,上富良野,北海道,吹上温泉園地,TRIMBLE ALLOY,TRM159900.00    GSI
970788,EL06443572202,白糠,北海道,白糠町青少年旅行村,TOPCON NETG5,TRM59800.80     GSI
970789,EL06442461901,北海道清水,北海道,清水町民テニスコート,TOPCON NETG5,TPSCR.G5        GSI
970790,EL06442302602,夕張,北海道,楓パーキングエリア,TOPCON NETG5,TPSCR.G5        GSI
970791,EL06443136901,豊頃,北海道,豊頃森林公園,TOPCON NETG5,TRM59800.80     GSI
970792,EL06341500602,登別,北海道,川上公園,TRIMBLE ALLOY,TRM159900.00    GSI
970793,EL06343518202,大樹２,北海道,大樹町営光地園牧場,TOPCON NETG5,TRM59800.80     GSI
970794,EL06240722901,厚沢部,北海道,厚沢部町教員住宅,TOPCON NETG5,TRM59800.80     GSI
970795,EL05941631602,玉山２,岩手県,盛岡市立薮川小学校（廃校）,TRIMBLE ALLOY,TRM159900.00    GSI
970796,EL05840575901,胆沢,岩手県,奥州市立胆沢愛宕小学校,TOPCON NETG5,TRM159900.00    GSI
970797,EL05640758102,白石,宮城県,白石市立大鷹沢小学校,TOPCON NETG5,TRM59800.80     GSI
970798,EL06040065502,鹿角２,秋田県,水沢集落会館,TOPCON NETG5,TRM59800.80     GSI
970799,EL05740502701,西川,山形県,西川町生涯学習支援施設（旧西川町立西部中学校）,TRIMBLE ALLOY,TRM59800.80     GSI
970800,EL05540462702,いわき２,福島県,いわき市立湯本第二小学校,TRIMBLE ALLOY,TPSCR.G5        GSI
970801,EL05539434202,檜枝岐,福島県,檜枝岐魚苑,TOPCON NETG5,TPSCR.G5        GSI
970802,EL05538173501,水上,群馬県,谷川岳パーキングエリア（上り線）,TRIMBLE ALLOY,TRM159900.00    GSI
970803,EL05740314503,山辺,山形県,山辺町役場中支所,TOPCON NETG5,TPSCR.G5        GSI
970804,EL05339140101,横浜泉,神奈川県,領家３丁目公園,TRIMBLE ALLOY,TRM159900.00    GSI
970805,EL05639519803,水原,新潟県,阿賀野市立水原中学校,NETG3,TRM29659.00
970806,EL05638573002,新潟巻,新潟県,新潟市立巻西中学校,TRIMBLE ALLOY,TRM159900.00    GSI
970807,EL05638169202,新潟三島,新潟県,長岡市三島野球場,TOPCON NETG5,TRM59800.80     GSI
970808,EL05437649701,立山,富山県,ホテル立山,4000SSI,TRM23903.00
970809,EL05338430602,韮崎,山梨県,御勅使工業団地広場,TRIMBLE ALLOY,TRM59800.80     GSI
970810,EL05638370302,新潟栄,新潟県,三条市立栄中学校,TOPCON NETG5,TRM159900.00    GSI
970811,EL05337249203,坂下,岐阜県,宮の前農村公園,TOPCON NETG5,TRM59800.80     GSI
970812,EL05336033702,関ヶ原,岐阜県,関ヶ原町立関ヶ原南小学校,TRIMBLE ALLOY,TRM159900.00    GSI
970813,EL05238573701,函南,静岡県,函南町立桑村小学校,TOPCON NETG5,TPSCR.G5        GSI
970814,EL05238076002,下田２,静岡県,和泉氏所有の畑,TRIMBLE NETR9,TPSCR.G5        GSI
970815,EL05238544801,蒲原,静岡県,静岡市立蒲原東小学校,TRIMBLE ALLOY,TRM159900.00    GSI
970816,EL05238717401,静岡畑薙,静岡県,畑薙第１ダム管理所,4000SSI,TRM23903.00
970817,EL05238418601,静岡峰山,静岡県,峰山集会所,TRIMBLE ALLOY,TRM159900.00    GSI
970818,EL05238405602,中川根,静岡県,川根本町立中川根中学校,TRIMBLE ALLOY,TRM159900.00    GSI
970819,EL05237278502,静岡森２,静岡県,森町立三倉小学校,TRIMBLE ALLOY,TRM59800.80     GSI
970820,EL05238211401,島田,静岡県,島田市中央公園,TOPCON NETG5,TRM59800.80     GSI
970821,EL05237150402,浜松伊左地,静岡県,伊左地緑地,TOPCON NETG5,TPSCR.G5        GSI
970822,EL05236766303,愛知一宮２,愛知県,一宮市立神山小学校,TRIMBLE ALLOY,TRM159900.00    GSI
970823,EL05234744702,大屋,兵庫県,若杉高原大屋スキー場,TRIMBLE NETR9,TPSCR.G5        GSI
970824,EL05136201702,大台ヶ原,奈良県,大台ヶ原駐車場,TRIMBLE ALLOY,TRM159900.00    GSI
970825,EL05035756802,十津川,奈良県,十津川村立西川第一小学校,TOPCON NETG5,TPSCR.G5        GSI
970826,EL05035356601,古座川,和歌山県,古座川町立音楽博物館,TRIMBLE ALLOY,TRM159900.00    GSI
970827,EL05134236102,引田,香川県,東かがわ市引田児童館,TOPCON NETG5,TRM59800.80     GSI
970828,EL05032004301,愛媛三崎,愛媛県,いこいの広場,TOPCON NETG5,TRM59800.80     GSI
970829,EL05032036801,宇和,愛媛県,西予市立石城小学校,TOPCON NETG5,TRM59800.80     GSI
970830,EL05033424901,吾北,高知県,グリーンパークほどの,TRIMBLE ALLOY,TRM159900.00    GSI
970831,EL04930531701,福岡高田,福岡県,みやま市立二川小学校,TOPCON NETG5,TPSCR.G5        GSI
970832,EL04929250703,外海,長崎県,外海総合公園,TOPCON NETG5,TRM59800.80     GSI
970833,EL04931515602,大分九重,大分県,大分県立九重少年自然の家,TRIMBLE ALLOY,TPSCR.G5        GSI
970834,EL04830121802,出水,鹿児島県,東光山公園,TRIMBLE ALLOY,TPSCR.G5        GSI
970835,EL04730618902,鹿児島川内,鹿児島県,旧高城西中学校,TOPCON NETG5,TRM59800.80     GSI
970836,EL04730535201,樋脇,鹿児島県,道の駅「樋脇」,TOPCON NETG5,TPSCR.G5        GSI
990838,EL05238062101,南伊豆１Ａ,静岡県,伊浜山村活性化支援センター,TOPCON NETG5,TPSCR.G5        GSI
990839,EL05238366201,戸田Ａ,静岡県,戸田温泉スタンド駐車場,5700,TRM29659.00
990840,EL05238220601,焼津Ａ,静岡県,松原公園,TOPCON NETG5,TRM59800.80     GSI
